title,topic_id,llm_label,probability
How can I see my cashflow analytics?,0,Managing account balances and transfers,0.8313
How can I see my spending and income analytics?,0,Managing account balances and transfers,0.8431
How can I see my total wealth analytics?,0,Managing account balances and transfers,0.8341
How do I add a custom asset to my total wealth view?,0,Managing account balances and transfers,0.8578
How to assign and adjust categories,0,Managing account balances and transfers,1.0
Create and manage custom categories for transactions,0,Managing account balances and transfers,1.0
How does sorting to investments work?,0,Managing account balances and transfers,0.8899
How are trips defined for travel analytics?,1,Travel insurance trip coverage,0.9359
How can I see my travel analytics?,0,Managing account balances and transfers,0.8134
How does travel mode work?,0,Managing account balances and transfers,0.8887
Using the Income Sorter feature,0,Managing account balances and transfers,1.0
What is the analytics dashboard?,0,Managing account balances and transfers,0.825
Why wasn’t my income sorted?,0,Managing account balances and transfers,1.0
How does Bulgaria adopting the Euro affect me?,0,Managing account balances and transfers,1.0
What is Open Banking and how does it work?,0,Managing account balances and transfers,1.0
How will the account transition affect returns/chargebacks?,0,Managing account balances and transfers,1.0
Are funds in my  independent teen account FSCS protected?,0,Managing account balances and transfers,0.8448
Can I keep my e-money account?,0,Managing account balances and transfers,1.0
Does the account transfer impact my plan insurance cover?,1,Travel insurance trip coverage,1.0
How will I know when my account has been moved?,0,Managing account balances and transfers,1.0
Is my account eligible to be moved to Revolut Bank?,0,Managing account balances and transfers,1.0
Is the money in my Savings account protected by the FSCS?,0,Managing account balances and transfers,0.848
"Now that Revolut is a bank, how is my money protected?",0,Managing account balances and transfers,0.8741
What do I need to do to move my account to a bank account?,0,Managing account balances and transfers,1.0
What happens to my data while my account is being moved?,0,Managing account balances and transfers,1.0
What will happen to my account when it’s moved?,0,Managing account balances and transfers,0.8567
What will happen to my Joint account?,0,Managing account balances and transfers,1.0
Who regulates Revolut Bank and where can I complain?,0,Managing account balances and transfers,0.9673
Why is Revolut becoming a bank in the UK?,0,Managing account balances and transfers,0.7586
Will my account be at risk while it's being moved over?,0,Managing account balances and transfers,1.0
Will my account details change after my account is moved?,0,Managing account balances and transfers,1.0
Will my fees and charges change now that Revolut is a bank?,0,Managing account balances and transfers,1.0
Will Revolut Bank have physical branches?,0,Managing account balances and transfers,1.0
Will the account transition have any tax implications?,0,Managing account balances and transfers,1.0
Will this affect my other Revolut products?,0,Managing account balances and transfers,1.0
Why didn't I get a bank account when I signed up?,0,Managing account balances and transfers,0.891
Will my hardware be affected by the account transition?,0,Managing account balances and transfers,1.0
Will the transition affect my Pro products and services?,0,Managing account balances and transfers,1.0
Why is my balance now negative?,0,Managing account balances and transfers,1.0
Add money in one tap,0,Managing account balances and transfers,1.0
Add money with a bank transfer,0,Managing account balances and transfers,1.0
Add money with an easy bank transfer,0,Managing account balances and transfers,1.0
Get paid early with Early Salary,0,Managing account balances and transfers,1.0
Card deposit limits and fees,0,Managing account balances and transfers,1.0
How to make cash deposits,0,Managing account balances and transfers,1.0
Disruptions to adding money with Visa cards,0,Managing account balances and transfers,1.0
Receiving money to my Revolut card,0,Managing account balances and transfers,1.0
How to add money with a card,0,Managing account balances and transfers,1.0
Add money with Apple Pay or Google Pay,0,Managing account balances and transfers,1.0
Auto top-ups,0,Managing account balances and transfers,1.0
Manage my deposit cards,0,Managing account balances and transfers,1.0
My card deposit didn't work,0,Managing account balances and transfers,1.0
Restricted card deposits,0,Managing account balances and transfers,1.0
Ukraine card top-up limits,0,Managing account balances and transfers,1.0
Why was my top-up reverted?,0,Managing account balances and transfers,1.0
Cards and currencies supported for adding money,0,Managing account balances and transfers,1.0
Why your card top-ups may be blocked,0,Managing account balances and transfers,1.0
Requesting money with a payment link,0,Managing account balances and transfers,1.0
How to split a bill with another Revolut customer,0,Managing account balances and transfers,1.0
Am I covered by Ultra trip cancellation protection if I need to cancel a flight while abroad?,1,Travel insurance trip coverage,0.6475
Am I covered for trips or events that I didn't purchase with my Revolut account with Ultra trip and event cancellation protection?,1,Travel insurance trip coverage,0.5825
Ultra trip & event cancellation with companion coverage,1,Travel insurance trip coverage,0.7061
How do I get an update on my existing claim?,1,Travel insurance trip coverage,0.9747
Cancel for any reason complaints,1,Travel insurance trip coverage,0.9782
How do I make a cancel for any reason protection claim?,1,Travel insurance trip coverage,1.0
My supplier won’t let me cancel my trip/event. Am I covered with Ultra trip and event cancellation protection?,1,Travel insurance trip coverage,0.7197
Does moving home affect Ultra trip and event coverage?,1,Travel insurance trip coverage,0.944
Will I get a full refund for my trip or event cancellation?,1,Travel insurance trip coverage,0.9668
What are the limits of cover and deductibles?,1,Travel insurance trip coverage,0.7605
Getting started with cancel for any reason protection,1,Travel insurance trip coverage,0.8375
Documents needed for an Ultra trip and event cancellation protection claim,1,Travel insurance trip coverage,1.0
What is a trip?,1,Travel insurance trip coverage,0.6667
What is an event?,1,Travel insurance trip coverage,0.5734
Who provides Ultra trip and event cancellation protection?,1,Travel insurance trip coverage,0.6624
How do I link an external account to Revolut?,0,Managing account balances and transfers,1.0
Manage my external linked accounts in Revolut,0,Managing account balances and transfers,1.0
Can I accept multiple paid plan gifts?,0,Managing account balances and transfers,1.0
Gifting a paid plan,0,Managing account balances and transfers,1.0
How to share your birthday on Revolut,0,Managing account balances and transfers,1.0
Receiving paid plan gifts,0,Managing account balances and transfers,1.0
Sending paid plan gifts,0,Managing account balances and transfers,1.0
What happens once the gifted paid plan duration ends?,0,Managing account balances and transfers,1.0
Earning interest with Savings,0,Managing account balances and transfers,0.7611
Getting started with Savings,0,Managing account balances and transfers,0.7848
How to calculate interest on Savings accounts,0,Managing account balances and transfers,0.766
How is interest calculated on tiered Instant Access Savings?,0,Managing account balances and transfers,0.7616
Rate decrease on my Instant Access Savings,0,Managing account balances and transfers,0.7525
Why is my withdrawal pending?,0,Managing account balances and transfers,1.0
Savings Challenge,0,Managing account balances and transfers,0.6903
Instant Access Savings promotion,0,Managing account balances and transfers,0.7131
Tax on Savings,0,Managing account balances and transfers,1.0
How are the funds in my Savings accounts protected?,0,Managing account balances and transfers,0.8516
Why was my Savings Accounts restricted or closed?,0,Managing account balances and transfers,1.0
Add money to your savings account,0,Managing account balances and transfers,1.0
Close my Savings account,0,Managing account balances and transfers,1.0
Withdraw from your Savings account,0,Managing account balances and transfers,1.0
Documents and statements for my Savings accounts,0,Managing account balances and transfers,1.0
Cover for cancelled and interrupted trips,1,Travel insurance trip coverage,0.7813
Do I have to pay for my trip using my Revolut account?,1,Travel insurance trip coverage,0.8111
Claiming after Premium travel insurance removal,1,Travel insurance trip coverage,0.8754
Does moving home impact my travel insurance?,1,Travel insurance trip coverage,0.7183
Travel insurance coverage,1,Travel insurance trip coverage,1.0
Travel insurance for areas affected by conflict,1,Travel insurance trip coverage,0.8145
Close a Pocket,0,Managing account balances and transfers,1.0
How do I manage a Group Pocket?,0,Managing account balances and transfers,1.0
Adding money to Pockets,0,Managing account balances and transfers,1.0
Withdrawing from Pockets,0,Managing account balances and transfers,1.0
Spare change round ups,0,Managing account balances and transfers,1.0
I can't find my Vaults,0,Managing account balances and transfers,1.0
How to link a card to a Pocket and manage it,0,Managing account balances and transfers,1.0
Getting started with Pockets,0,Managing account balances and transfers,1.0
What if I don't have enough money in my bills Pocket?,0,Managing account balances and transfers,1.0
What is Revolut Pay?,0,Managing account balances and transfers,1.0
How to withdraw cash from an ATM,0,Managing account balances and transfers,1.0
Fees for cash withdrawals,0,Managing account balances and transfers,1.0
My card payment is pending,0,Managing account balances and transfers,1.0
How to disable RevPoints spare change?,0,Managing account balances and transfers,1.0
Why did my payment amount change?,0,Managing account balances and transfers,1.0
Fees for card payments in a foreign currency,0,Managing account balances and transfers,1.0
Setting a monthly spending limit,0,Managing account balances and transfers,1.0
How do regulatory limits affect my usage?,0,Managing account balances and transfers,1.0
Am I eligible for Apple Pay?,0,Managing account balances and transfers,1.0
Am I eligible for Google Pay?,0,Managing account balances and transfers,1.0
Payment limits when using Apple Pay or Google Pay,0,Managing account balances and transfers,1.0
Decline reasons on Apple Pay and Google Pay,0,Managing account balances and transfers,1.0
Setting up Apple Pay,0,Managing account balances and transfers,1.0
Setting up Google Pay,0,Managing account balances and transfers,1.0
Where can I pay with Apple Pay or Google Pay?,0,Managing account balances and transfers,1.0
How do I block and unblock a merchant?,0,Managing account balances and transfers,1.0
What currencies are supported for spending?,0,Managing account balances and transfers,1.0
Card payment fees and limits,0,Managing account balances and transfers,1.0
Card verification and pre-authorisation,0,Managing account balances and transfers,1.0
What is Dynamic Currency Conversion (DCC)?,0,Managing account balances and transfers,1.0
Which merchants are not supported by Revolut?,0,Managing account balances and transfers,1.0
What is a virtual card?,0,Managing account balances and transfers,1.0
My virtual card is not working,0,Managing account balances and transfers,1.0
Problems with my card PIN,0,Managing account balances and transfers,1.0
Why was my card payment declined if I have enough funds?,0,Managing account balances and transfers,1.0
What is 3D Secure?,0,Managing account balances and transfers,1.0
Delayed (offline) card payments,0,Managing account balances and transfers,1.0
Where can I use my Revolut card?,0,Managing account balances and transfers,1.0
Am I eligible for Click to Pay?,0,Managing account balances and transfers,1.0
How do I add cards to Click to Pay?,0,Managing account balances and transfers,1.0
How can I remove my card from Click to Pay?,0,Managing account balances and transfers,1.0
What is Click to Pay?,0,Managing account balances and transfers,1.0
Why is my card added to Click to Pay not shown at checkout?,0,Managing account balances and transfers,1.0
Declined card payment isn't visible,0,Managing account balances and transfers,1.0
My card payment was declined by the security system,0,Managing account balances and transfers,1.0
What is the location-based security feature?,0,Managing account balances and transfers,1.0
My card payment was declined,0,Managing account balances and transfers,1.0
Why has my card payment been reverted?,0,Managing account balances and transfers,1.0
Report a card payment as a scam or fraud,0,Managing account balances and transfers,1.0
Card security settings,0,Managing account balances and transfers,1.0
Freeze a card,0,Managing account balances and transfers,1.0
How to cancel a dispute,0,Managing account balances and transfers,1.0
Dispute a card payment,0,Managing account balances and transfers,1.0
Dispute process and timelines,0,Managing account balances and transfers,1.0
Update on my chargeback case,0,Managing account balances and transfers,1.0
Problems with a refund,0,Managing account balances and transfers,1.0
Revolut Chrome Extension,0,Managing account balances and transfers,1.0
How to withdraw a foreign currency,0,Managing account balances and transfers,1.0
Limits for using my card abroad,0,Managing account balances and transfers,1.0
Tips for spending in a foreign currency,0,Managing account balances and transfers,1.0
What currency will I be charged in?,0,Managing account balances and transfers,1.0
Manage subscription payments to merchants,0,Managing account balances and transfers,1.0
Report a fraudulent ATM withdrawal,0,Managing account balances and transfers,1.0
When does my ATM withdrawal limit reset?,0,Managing account balances and transfers,1.0
Why is my ATM withdrawal pending?,0,Managing account balances and transfers,1.0
Why was my ATM withdrawal declined?,0,Managing account balances and transfers,1.0
Activate a physical card,0,Managing account balances and transfers,1.0
Reactivate a card,0,Managing account balances and transfers,1.0
I can't add my card to Apple Pay,0,Managing account balances and transfers,1.0
My card was stolen. What should I do?,0,Managing account balances and transfers,1.0
The name on my card is incorrect,0,Managing account balances and transfers,1.0
Why is my Apple Pay card number different from my Revolut's?,0,Managing account balances and transfers,1.0
My card has been swallowed by an ATM,0,Managing account balances and transfers,1.0
Why aren’t my contactless payments working?,0,Managing account balances and transfers,1.0
My single-use virtual card isn't working,0,Managing account balances and transfers,1.0
My physical card isn't working,0,Managing account balances and transfers,1.0
What should I do if my card is expiring soon?,0,Managing account balances and transfers,1.0
Can I cancel or edit a card order?,0,Managing account balances and transfers,1.0
Can I choose between Mastercard and Visa?,0,Managing account balances and transfers,1.0
Maximum active cards,0,Managing account balances and transfers,1.0
What are the fees for ordering a card?,0,Managing account balances and transfers,1.0
Creating a virtual card,0,Managing account balances and transfers,1.0
I ordered a card and it didn't arrive,0,Managing account balances and transfers,1.0
Card customisation,0,Managing account balances and transfers,1.0
How does the Clear Sky debit card support Ukraine?,0,Managing account balances and transfers,1.0
Order a physical card,0,Managing account balances and transfers,1.0
How do I get the Clear Sky debit card?,0,Managing account balances and transfers,1.0
What is a special edition card?,0,Managing account balances and transfers,1.0
What card brands and types can I get?,0,Managing account balances and transfers,1.0
Finding the card PIN,0,Managing account balances and transfers,1.0
Linking an existing card,0,Managing account balances and transfers,1.0
Can I order my card to a different address?,0,Managing account balances and transfers,1.0
How do I use a Revolut virtual card?,0,Managing account balances and transfers,1.0
I received a card that I had marked as undelivered,0,Managing account balances and transfers,1.0
I found my lost card,0,Managing account balances and transfers,1.0
My card has been used fraudulently,0,Managing account balances and transfers,1.0
Glossary of onboarding terms,0,Managing account balances and transfers,1.0
Manage scheduled transfers,0,Managing account balances and transfers,1.0
More help with a scheduled transfer,0,Managing account balances and transfers,1.0
Schedule a transfer,0,Managing account balances and transfers,1.0
Cash withdrawal limits and fees,0,Managing account balances and transfers,1.0
Getting started with Pet Insurance,1,Travel insurance trip coverage,0.5573
How do I make a protection insurance claim?,1,Travel insurance trip coverage,1.0
What's the excess for purchase insurance claims?,1,Travel insurance trip coverage,0.967
Submitting documents for a purchase insurance claim,1,Travel insurance trip coverage,1.0
Is my mobile device covered by Revolut purchase protection?,1,Travel insurance trip coverage,0.9382
Getting started with purchase insurance,1,Travel insurance trip coverage,0.9668
What's not covered under purchase insurance?,1,Travel insurance trip coverage,0.7595
What items are eligible for purchase insurance?,1,Travel insurance trip coverage,0.7444
Getting an update on an everyday protection claim,1,Travel insurance trip coverage,1.0
Who provides Revolut's everyday protection insurance?,1,Travel insurance trip coverage,0.9895
Purchase protection coverage,1,Travel insurance trip coverage,0.9065
Refund protection coverage,1,Travel insurance trip coverage,0.9356
Event ticket cancellation protection coverage,1,Travel insurance trip coverage,0.7512
Getting started with travel insurance,1,Travel insurance trip coverage,1.0
What is the excess for travel insurance claims?,1,Travel insurance trip coverage,0.9294
Trips covered by travel insurance,1,Travel insurance trip coverage,1.0
Why is my travel insurance coverage ending?,1,Travel insurance trip coverage,1.0
Submitting documents for a travel insurance claim,1,Travel insurance trip coverage,1.0
How can I view my travel insurance policy documents?,1,Travel insurance trip coverage,0.9108
How do I get an update on my existing claim?,1,Travel insurance trip coverage,0.8467
How do I make a travel insurance claim?,1,Travel insurance trip coverage,0.7135
Emergency medical assistance abroad,1,Travel insurance trip coverage,0.9261
Cover for car hire excess,1,Travel insurance trip coverage,1.0
Cover for delayed trips,1,Travel insurance trip coverage,1.0
"Cover for damaged, lost, or delayed baggage",1,Travel insurance trip coverage,1.0
Cover for medical expenses abroad,1,Travel insurance trip coverage,1.0
Cover for sports and activities,1,Travel insurance trip coverage,1.0
Who is covered by travel insurance?,1,Travel insurance trip coverage,1.0
Who is Revolut's travel insurance provider?,1,Travel insurance trip coverage,1.0
How do I cancel my Pet Insurance policy?,1,Travel insurance trip coverage,0.5205
How to make a Pet Insurance claim,1,Travel insurance trip coverage,0.5785
Pet Insurance payments and renewals,1,Travel insurance trip coverage,0.5219
How do I complain about my pet insurance?,1,Travel insurance trip coverage,0.4148
How can I view or manage my Revolut Pet Insurance policy?,1,Travel insurance trip coverage,0.5676
Free 24/7 FirstVet Video Consultations,1,Travel insurance trip coverage,0.4878
Who are Revolut Pet Insurance?,1,Travel insurance trip coverage,0.4558
What are the main pet insurance policy conditions I should be aware of?,1,Travel insurance trip coverage,0.5975
Can I cancel an Airport Fast Track pass? ,0,Managing account balances and transfers,1.0
How do I purchase an Airport Fast Track pass?,0,Managing account balances and transfers,1.0
How do I use my airport fast track pass?,0,Managing account balances and transfers,1.0
Reasons you can trust Revolut,0,Managing account balances and transfers,0.9123
Can I contact Revolut using a Power of Attorney?,0,Managing account balances and transfers,1.0
Media enquiries,0,Managing account balances and transfers,1.0
Revolut Business,0,Managing account balances and transfers,1.0
Work at Revolut,0,Managing account balances and transfers,1.0
Difference between limited and full access to the web app,0,Managing account balances and transfers,1.0
Does Revolut offer services in Russia?,0,Managing account balances and transfers,1.0
Reporting vulnerable circumstances to Revolut,0,Managing account balances and transfers,1.0
How do I share feedback with Revolut?,0,Managing account balances and transfers,1.0
I lost access to a device my passkey is stored on,0,Managing account balances and transfers,1.0
How can I file a complaint?,0,Managing account balances and transfers,1.0
Learn about my rights when making payments in Europe,0,Managing account balances and transfers,1.0
Public Figure Check - More Information,0,Managing account balances and transfers,1.0
What is my tax residence?,0,Managing account balances and transfers,0.8179
What happens if the Revolut account holder passes away?,0,Managing account balances and transfers,1.0
Which Revolut companies provide me with services?,0,Managing account balances and transfers,0.9885
How can I improve my financial health?,0,Managing account balances and transfers,0.959
How can I share sensitive information with Revolut?,0,Managing account balances and transfers,1.0
Support if you are experiencing financial difficulties,0,Managing account balances and transfers,0.8847
What gambling support is available?,0,Managing account balances and transfers,0.8611
Where can I get help and advice on financial abuse?,0,Managing account balances and transfers,0.8479
Where can I get help if I'm worried about my mental health?,0,Managing account balances and transfers,0.8462
When will Revolut credit be available in my country?,0,Managing account balances and transfers,1.0
What is Revolut Pro and is it free?,0,Managing account balances and transfers,1.0
Cancel a transaction on the Revolut Terminal,0,Managing account balances and transfers,1.0
Cards and contactless payments with Revolut Terminals,0,Managing account balances and transfers,1.0
Failed payments on the Revolut Terminal,0,Managing account balances and transfers,1.0
How do I order a Revolut Terminal?,0,Managing account balances and transfers,1.0
How do I log in to my Revolut Terminal?,0,Managing account balances and transfers,1.0
eSIM on Revolut Terminals,0,Managing account balances and transfers,1.0
I'm having trouble using my Revolut Terminal,0,Managing account balances and transfers,1.0
Sales using a Revolut Pro product catalogue,0,Managing account balances and transfers,1.0
Edit the time on my Revolut Terminal,0,Managing account balances and transfers,0.9884
Warranty on Revolut Terminals,0,Managing account balances and transfers,1.0
What are Revolut Terminals?,0,Managing account balances and transfers,1.0
When will I receive my Revolut Terminal?,0,Managing account balances and transfers,1.0
Failed payment on Tap to Pay on iPhone,0,Managing account balances and transfers,1.0
Can I accept payments with Revolut Pro?,0,Managing account balances and transfers,1.0
How much does it cost to accept payments with Revolut Pro?,0,Managing account balances and transfers,1.0
What are Payment Links and how do I use them?,0,Managing account balances and transfers,1.0
When do payments arrive in my Pro account?,0,Managing account balances and transfers,1.0
Install the Shopify plugin for Revolut Pro,0,Managing account balances and transfers,1.0
Revolut Pro invoices,0,Managing account balances and transfers,1.0
Warranty on the Revolut Reader,0,Managing account balances and transfers,1.0
What is Revolut Reader and how do I use it?,0,Managing account balances and transfers,1.0
Using Tap to Pay on iPhone to take payments,0,Managing account balances and transfers,1.0
Why should I accept payments with Revolut Pro?,0,Managing account balances and transfers,1.0
How do I add funds to my Pro account?,0,Managing account balances and transfers,1.0
How to close a Revolut Pro account,0,Managing account balances and transfers,1.0
Difference between Revolut Pro and Revolut Business,0,Managing account balances and transfers,1.0
How to set up Direct Debits in Pro,0,Managing account balances and transfers,1.0
What features are available with Revolut Pro?,0,Managing account balances and transfers,1.0
How do I move money out of my Revolut Pro account?,0,Managing account balances and transfers,1.0
Order a Revolut Pro card,0,Managing account balances and transfers,1.0
How does Revolut Pro cashback work and how can I boost it?,0,Managing account balances and transfers,1.0
Pro account under review or payments not working,0,Managing account balances and transfers,1.0
How can I redeem my Pro Perks offers?,0,Managing account balances and transfers,1.0
What is Pro Perks?,0,Managing account balances and transfers,1.0
What are Pro Pockets?,0,Managing account balances and transfers,1.0
Why was my document not accepted for Revolut Pro?,0,Managing account balances and transfers,1.0
Why was my URL not accepted for Revolut Pro?,0,Managing account balances and transfers,1.0
Where can I find my Revolut Pro account in-app?,0,Managing account balances and transfers,1.0
Who can use Revolut Pro and how do I get started?,0,Managing account balances and transfers,1.0
Accessing the Retail Web App,0,Managing account balances and transfers,1.0
What features are supported on the Web App?,0,Managing account balances and transfers,1.0
Security and data privacy,0,Managing account balances and transfers,1.0
How do I close my account?,0,Managing account balances and transfers,1.0
Getting started with AIR,0,Managing account balances and transfers,1.0
Getting started with Revolut,0,Managing account balances and transfers,1.0
How to contact Revolut Support,0,Managing account balances and transfers,1.0
Joint account card payments,0,Managing account balances and transfers,1.0
Managing joint account ownership,0,Managing account balances and transfers,1.0
I want to close my Joint account,0,Managing account balances and transfers,1.0
Your Joint account statement,0,Managing account balances and transfers,1.0
Adding money to a Joint account,0,Managing account balances and transfers,1.0
Setting up a Joint account,0,Managing account balances and transfers,1.0
Joint account transfers,0,Managing account balances and transfers,1.0
Order a Joint account card,0,Managing account balances and transfers,1.0
Getting started with Joint Savings,0,Managing account balances and transfers,0.9856
What happens if my joint account balance goes negative?,0,Managing account balances and transfers,1.0
Revolut closed my joint account,0,Managing account balances and transfers,1.0
Difficulty logging in,0,Managing account balances and transfers,1.0
Change passcode,0,Managing account balances and transfers,1.0
I lost access to my passkey,0,Managing account balances and transfers,1.0
Duplicate account,0,Managing account balances and transfers,1.0
Log in with a new phone number,0,Managing account balances and transfers,1.0
Lost or stolen device,0,Managing account balances and transfers,1.0
Sign in with face ID or fingerprint,0,Managing account balances and transfers,1.0
What are passkeys?,0,Managing account balances and transfers,1.0
Download your account confirmation,0,Managing account balances and transfers,1.0
Download an account statement for a specific currency,0,Managing account balances and transfers,1.0
How to download a card confirmation document,0,Managing account balances and transfers,1.0
Download a cryptocurrency statement,0,Managing account balances and transfers,1.0
Documents for a closed account ,0,Managing account balances and transfers,1.0
Get a Pockets statement,0,Managing account balances and transfers,0.9916
Download transaction or top-up statement,0,Managing account balances and transfers,1.0
Download statement of fees,0,Managing account balances and transfers,1.0
How to download a subject access request document,0,Managing account balances and transfers,1.0
How can I download trading statements and reports?,0,Managing account balances and transfers,1.0
Why are my statement balance and in-app balance different?,0,Managing account balances and transfers,1.0
What is the consolidated statement?,0,Managing account balances and transfers,1.0
Cancelling your scheduled plan downgrade,0,Managing account balances and transfers,1.0
Downgrading your paid plan,0,Managing account balances and transfers,1.0
Paid plan downgrade fees ,0,Managing account balances and transfers,1.0
Changing your paid plan billing date,0,Managing account balances and transfers,1.0
Managing your paid plan billing,0,Managing account balances and transfers,1.0
Pay for your missed plan payment,0,Managing account balances and transfers,1.0
Your paid plan subscription end date,0,Managing account balances and transfers,1.0
Next payment date for your paid plan,0,Managing account balances and transfers,1.0
Paid plan payment status,0,Managing account balances and transfers,1.0
Chess.com,2,Accessing plan benefits,1.0
ClassPass,2,Accessing plan benefits,1.0
Financial Times,2,Accessing plan benefits,1.0
Freeletics,2,Accessing plan benefits,1.0
Headspace,2,Accessing plan benefits,1.0
Headway,2,Accessing plan benefits,1.0
MasterClass,2,Accessing plan benefits,1.0
NordVPN,2,Accessing plan benefits,0.8367
Perplexity,2,Accessing plan benefits,1.0
Picsart,2,Accessing plan benefits,1.0
How do I access a partner benefit?,0,Managing account balances and transfers,1.0
Laundryheap,2,Accessing plan benefits,1.0
What happens to my partner benefits if I change my plan?,0,Managing account balances and transfers,1.0
What are partner benefits?,0,Managing account balances and transfers,1.0
Sleep Cycle,2,Accessing plan benefits,1.0
The Athletic,2,Accessing plan benefits,1.0
Tinder,2,Accessing plan benefits,1.0
Turo rewards,2,Accessing plan benefits,0.7916
Uber One,2,Accessing plan benefits,1.0
WeWork,2,Accessing plan benefits,1.0
Discounts for loyal customers,0,Managing account balances and transfers,1.0
Promotional and free trials,0,Managing account balances and transfers,1.0
Order a paid plan card,0,Managing account balances and transfers,1.0
Metal plan,0,Managing account balances and transfers,1.0
Plus plan,0,Managing account balances and transfers,1.0
Premium plan,0,Managing account balances and transfers,1.0
Standard plan,0,Managing account balances and transfers,1.0
Ultra plan,0,Managing account balances and transfers,1.0
Can I reopen my closed account?,0,Managing account balances and transfers,1.0
Switching languages in the app,0,Managing account balances and transfers,1.0
How do I manage notifications from Revolut?,0,Managing account balances and transfers,1.0
Trouble with mobile verification code,0,Managing account balances and transfers,0.8883
Change my address,0,Managing account balances and transfers,1.0
Change my date of birth,0,Managing account balances and transfers,1.0
Change my name,0,Managing account balances and transfers,1.0
Change my phone number,0,Managing account balances and transfers,1.0
Change or verify email address,0,Managing account balances and transfers,1.0
Change my Revtag,0,Managing account balances and transfers,1.0
Update my tax information,0,Managing account balances and transfers,0.8091
Source of funds,0,Managing account balances and transfers,1.0
Upgrade my plan,0,Managing account balances and transfers,1.0
Accepted proof of address documents,0,Managing account balances and transfers,1.0
Documents for the source of funds verification,0,Managing account balances and transfers,1.0
Verify my identity,0,Managing account balances and transfers,1.0
How do I provide proof of address?,0,Managing account balances and transfers,1.0
I'm unable to verify my identity,0,Managing account balances and transfers,1.0
Where you can sign up for Revolut,0,Managing account balances and transfers,0.922
What is Revolut ID?,0,Managing account balances and transfers,1.0
Managing a Revolut – Kids & Teens account,0,Managing account balances and transfers,1.0
Revolut – Kids & Teens cards,0,Managing account balances and transfers,1.0
Revolut – Kids & Teens Earn,0,Managing account balances and transfers,1.0
Revolut Kids & Teens Rewards,0,Managing account balances and transfers,1.0
Revolut Kids & Teens Save,0,Managing account balances and transfers,1.0
Revolut – Kids & Teens payments,0,Managing account balances and transfers,1.0
Add money to or withdraw from Revolut Kids & Teens account,0,Managing account balances and transfers,1.0
Forgotten passcode for a Kids & Teens account,0,Managing account balances and transfers,1.0
Graduation to the main app,0,Managing account balances and transfers,1.0
Kids & Teens Instant Access Savings,0,Managing account balances and transfers,1.0
Open a Revolut – Kids & Teens account,0,Managing account balances and transfers,1.0
Revolut — Kids & Teens subscription bundles,0,Managing account balances and transfers,1.0
Request a Revolut – Kids & Teens virtual card,0,Managing account balances and transfers,1.0
Revolut – Kids & Teens card management,0,Managing account balances and transfers,1.0
Revolut Kids & Teens Payment Links,0,Managing account balances and transfers,1.0
Revolut - Kids & Teens Referrals,0,Managing account balances and transfers,1.0
Revolut - Kids & Teens statements,0,Managing account balances and transfers,1.0
What if Revolut - Kids & Teens isn't available?,0,Managing account balances and transfers,0.9418
Is my private information safe?,0,Managing account balances and transfers,1.0
When to put gambling controls in place,0,Managing account balances and transfers,0.9001
How does the gambling block work?,0,Managing account balances and transfers,1.0
A refund or chargeback was sent to my closed account,0,Managing account balances and transfers,1.0
My account was restricted or closed,0,Managing account balances and transfers,1.0
Report a fraudulent transfer,0,Managing account balances and transfers,1.0
What does Revolut use my data for?,0,Managing account balances and transfers,1.0
How long will Revolut hold my data?,0,Managing account balances and transfers,1.0
Personal data required to create a Revolut account,0,Managing account balances and transfers,1.0
Hidden balance feature,0,Managing account balances and transfers,1.0
Why haven't I received my Referrals reward?,0,Managing account balances and transfers,1.0
Referral reward smaller than expected,0,Managing account balances and transfers,1.0
How to complete all steps for Referrals reward,0,Managing account balances and transfers,1.0
How to complete 'Make purchases' step for Referrals reward,0,Managing account balances and transfers,1.0
Why hasn't my referrer received their Referrals reward?,0,Managing account balances and transfers,1.0
How to add money for the Referrals reward,0,Managing account balances and transfers,1.0
Order a physical card for Referrals reward,0,Managing account balances and transfers,1.0
Referrals reward requirements,0,Managing account balances and transfers,1.0
Conditions for the referral campaign,0,Managing account balances and transfers,1.0
Completing the 'Make purchases' step,0,Managing account balances and transfers,1.0
Claiming special bonus offered by Revolut promotion,0,Managing account balances and transfers,1.0
Missing reward from an influencer or brand signup,0,Managing account balances and transfers,1.0
Promotional cashback,0,Managing account balances and transfers,1.0
Is physical card activation necessary before the deadline?,0,Managing account balances and transfers,1.0
Is a physical card required for your friend's purchases?,0,Managing account balances and transfers,1.0
How can my friend order a physical card?,0,Managing account balances and transfers,1.0
How to complete 'Add Money' step,0,Managing account balances and transfers,1.0
"My friend added money, but I still didn’t get the reward",0,Managing account balances and transfers,1.0
My friend hasn’t received the card. Will I get my reward?,0,Managing account balances and transfers,1.0
"My friend made 3 purchases, but I didn’t get the reward",0,Managing account balances and transfers,1.0
"My friend ordered a card, but I didn’t get the reward. Why?",0,Managing account balances and transfers,1.0
What are the requirements for 3 purchases?,0,Managing account balances and transfers,1.0
What are the requirements to get a Referrals reward?,0,Managing account balances and transfers,1.0
Why did I receive a smaller reward for a Referral than you advertised in the app?,0,Managing account balances and transfers,1.0
What is Airline Miles?,0,Managing account balances and transfers,1.0
Linking your airline loyalty account,0,Managing account balances and transfers,1.0
Redeeming RevPoints with Airline Miles,0,Managing account balances and transfers,1.0
Difficulty using Airline Miles,0,Managing account balances and transfers,1.0
Can I cancel an airport lounge pass? ,0,Managing account balances and transfers,1.0
How do I purchase an airport lounge pass?,0,Managing account balances and transfers,1.0
How do I use my airport lounge pass?,0,Managing account balances and transfers,1.0
I'm having difficulty with my airport lounge pass,0,Managing account balances and transfers,1.0
How do I donate to Ukrainian refugees?,0,Managing account balances and transfers,1.0
Making a donation through Revolut,0,Managing account balances and transfers,1.0
Spare change and recurring Donations,0,Managing account balances and transfers,1.0
Auto-renewing an eSIM data plan,0,Managing account balances and transfers,1.0
Can I label my eSIM for my data plan?,0,Managing account balances and transfers,1.0
Difficulties with eSIM,0,Managing account balances and transfers,1.0
Revolut data plans,0,Managing account balances and transfers,1.0
Installing and activating my eSIM,0,Managing account balances and transfers,1.0
Managing my eSIM data plan,0,Managing account balances and transfers,1.0
Supported eSIM devices,0,Managing account balances and transfers,1.0
Mobile plan access and payment,0,Managing account balances and transfers,1.0
Cancelling or rescheduling a number transfer to Revolut,0,Managing account balances and transfers,1.0
Cancelling your old phone plan,0,Managing account balances and transfers,1.0
Managing a mobile plan for a lost or stolen device,0,Managing account balances and transfers,1.0
Managing a failed number transfer,0,Managing account balances and transfers,1.0
Managing a number transfer to Revolut,0,Managing account balances and transfers,1.0
Managing mobile plans and add-ons,0,Managing account balances and transfers,1.0
Understanding mobile plan numbers,0,Managing account balances and transfers,1.0
Paying for my mobile plan,0,Managing account balances and transfers,1.0
Mobile plan voice support,0,Managing account balances and transfers,1.0
Setting up voicemail,0,Managing account balances and transfers,1.0
Bring your number to Revolut mobile,0,Managing account balances and transfers,1.0
Revolut mobile plans,0,Managing account balances and transfers,1.0
Service disruptions during transfer to Revolut,0,Managing account balances and transfers,1.0
Mobile plan allowance and consumption,0,Managing account balances and transfers,1.0
Transfer your Revolut number to another provider,0,Managing account balances and transfers,1.0
Reporting vulnerable circumstances to Revolut,0,Managing account balances and transfers,1.0
How to redeem RevPoints for gift cards,0,Managing account balances and transfers,1.0
Finding your gift cards,0,Managing account balances and transfers,1.0
Shops,0,Managing account balances and transfers,1.0
Can I get a VAT invoice for my Stays booking?,0,Managing account balances and transfers,1.0
How are properties sorted?,0,Managing account balances and transfers,0.9836
Manage a Stays booking,0,Managing account balances and transfers,1.0
Make a Stays booking,0,Managing account balances and transfers,1.0
What does the Experiences feature offer?,0,Managing account balances and transfers,1.0
Purchase RevPoints in app,0,Managing account balances and transfers,1.0
Redeem RevPoints,0,Managing account balances and transfers,1.0
How to earn RevPoints,0,Managing account balances and transfers,1.0
RevPoints spare change,0,Managing account balances and transfers,1.0
What is the RevPoints loyalty program?,0,Managing account balances and transfers,1.0
Personalise RevPoints,0,Managing account balances and transfers,1.0
APP fraud reimbursement eligibility,0,Managing account balances and transfers,1.0
Authorised Push Payment fraud reimbursement exclusions,0,Managing account balances and transfers,1.0
Authorised Push Payment fraud reimbursement requirements,0,Managing account balances and transfers,1.0
Authorised Push Payment fraud reimbursement,0,Managing account balances and transfers,1.0
How long will the Authorised Push Payment fraud reimbursement process take?,0,Managing account balances and transfers,1.0
Locked bootloader requirement for Android devices,0,Managing account balances and transfers,1.0
Contacting your device manufacturer,0,Managing account balances and transfers,1.0
Ensuring security by using the official Revolut app,0,Managing account balances and transfers,1.0
Operating system and security updates,0,Managing account balances and transfers,1.0
Security risks of root access,0,Managing account balances and transfers,1.0
Unofficial (custom) firmware,0,Managing account balances and transfers,1.0
Why is the Revolut app no longer supported on my device?,0,Managing account balances and transfers,1.0
Review my information with CIFAS Marker,0,Managing account balances and transfers,1.0
Understanding the account review process,0,Managing account balances and transfers,1.0
Fraud and cybercrime reporting to national authorities,0,Managing account balances and transfers,1.0
Hidden accounts and transactions,0,Managing account balances and transfers,1.0
Someone wants to give you a lot of money?,0,Managing account balances and transfers,1.0
Strange small charges on your card?,0,Managing account balances and transfers,1.0
Feeling pressured or threatened?,0,Managing account balances and transfers,1.0
Urgent text from a kid or friend?,0,Managing account balances and transfers,1.0
Looking for a high return?,0,Managing account balances and transfers,1.0
Paying a bill with new bank details? ,0,Managing account balances and transfers,1.0
Have you been offered money to move funds?,0,Managing account balances and transfers,1.0
Received an unexpected link?,0,Managing account balances and transfers,1.0
Buying something online?,0,Managing account balances and transfers,1.0
Met someone new online?,0,Managing account balances and transfers,1.0
My phone suddenly lost signal,0,Managing account balances and transfers,1.0
An urgent call out of the blue?,0,Managing account balances and transfers,1.0
How can I keep my account safe from fraud?,0,Managing account balances and transfers,1.0
"How to report a suspicious call, email, link, or text",0,Managing account balances and transfers,1.0
How does Revolut keep my money safe?,0,Managing account balances and transfers,0.9801
How does Revolut protect me against fraud?,0,Managing account balances and transfers,1.0
Accessing your transaction history from your Revolut account,0,Managing account balances and transfers,1.0
What are linked wallets?,0,Managing account balances and transfers,1.0
What are Wealth Protection limits?,0,Managing account balances and transfers,1.0
Getting started with Street Mode,0,Managing account balances and transfers,1.0
Limits,0,Managing account balances and transfers,1.0
Trouble with my selfie verification for Wealth Protection,0,Managing account balances and transfers,1.0
Getting started with Wealth Protection,0,Managing account balances and transfers,1.0
What are Revolut's safety features?,0,Managing account balances and transfers,1.0
What will happen to my funds if Revolut goes bankrupt?,0,Managing account balances and transfers,0.8712
How do I upload a document?,0,Managing account balances and transfers,1.0
Difficulty with selfie authentication,0,Managing account balances and transfers,1.0
What is my tax identification number?,0,Managing account balances and transfers,0.8094
Confirm your personal details again,0,Managing account balances and transfers,1.0
Why is my incoming transfer pending?,0,Managing account balances and transfers,1.0
Can I cover intermediary bank fees upfront?,0,Managing account balances and transfers,1.0
"Add, edit, or delete a beneficiary",0,Managing account balances and transfers,1.0
Trusted recipients,0,Managing account balances and transfers,1.0
Transfer I sent arrived in a different currency ,0,Managing account balances and transfers,1.0
Why was my transfer sent via an intermediary bank?,0,Managing account balances and transfers,1.0
I received a transfer from an unknown sender,0,Managing account balances and transfers,1.0
Timeframes for transfers,0,Managing account balances and transfers,1.0
Bank transfer fees,0,Managing account balances and transfers,1.0
Can I receive large bank transfers into my Revolut account?,0,Managing account balances and transfers,1.0
Can I receive my salary into my Revolut account?,0,Managing account balances and transfers,1.0
Locate a bank transfer sent to my Revolut account,0,Managing account balances and transfers,1.0
Why did I receive less money?,0,Managing account balances and transfers,1.0
Why was the transfer to my account reverted?,0,Managing account balances and transfers,1.0
Supported currencies for holding,0,Managing account balances and transfers,1.0
Switch your account to Revolut,0,Managing account balances and transfers,1.0
What currency account details are available for me?,0,Managing account balances and transfers,1.0
What's Revolut's official name and address?,0,Managing account balances and transfers,1.0
What account details should I use for incoming transfers?,0,Managing account balances and transfers,1.0
How to transfer funds to Revolut,0,Managing account balances and transfers,1.0
Unsupported inbound bank transfers,0,Managing account balances and transfers,1.0
Difficulty adding money with an easy bank transfer,0,Managing account balances and transfers,1.0
Limits for transfers to other Revolut customers,0,Managing account balances and transfers,1.0
Block or report another Revolut customer,0,Managing account balances and transfers,1.0
Group Bills,0,Managing account balances and transfers,1.0
I sent a transfer to the wrong Revolut customer,0,Managing account balances and transfers,1.0
My transfer to another Revolut customer is pending,0,Managing account balances and transfers,1.0
Send or request money from other Revolut customers,0,Managing account balances and transfers,1.0
Revtags,0,Managing account balances and transfers,1.0
My transfer to or from someone on Revolut wasn't received,0,Managing account balances and transfers,1.0
I'm unable to send money to another Revolut customer,0,Managing account balances and transfers,1.0
Transferring funds to an external card,0,Managing account balances and transfers,1.0
I want to cancel my transfer to a card,0,Managing account balances and transfers,1.0
My beneficiary has not received my card transfer,0,Managing account balances and transfers,1.0
Which countries can I send a card transfer to?,0,Managing account balances and transfers,1.0
Why has my card transfer failed or been declined?,0,Managing account balances and transfers,1.0
Why is my card transfer still pending?,0,Managing account balances and transfers,1.0
I want to cancel a bank transfer,0,Managing account balances and transfers,1.0
Locate a bank transfer sent from Revolut,0,Managing account balances and transfers,1.0
Why is my transfer to a bank account still pending?,0,Managing account balances and transfers,1.0
Why was my outbound bank transfer reverted?,0,Managing account balances and transfers,1.0
I can't send a transfer or create a recipient,0,Managing account balances and transfers,1.0
Can I make a local transfer in a different currency?,0,Managing account balances and transfers,1.0
Download a transfer confirmation,0,Managing account balances and transfers,1.0
Sending money from Revolut to a bank account,0,Managing account balances and transfers,1.0
Problem with a Direct Debit,0,Managing account balances and transfers,1.0
Manage Direct Debits,0,Managing account balances and transfers,1.0
Setting up a Direct Debit,0,Managing account balances and transfers,1.0
Sending and requesting money with a payment link,0,Managing account balances and transfers,1.0
Why did my recipient receive less money?,0,Managing account balances and transfers,1.0
I was asked for additional information about my transaction,0,Managing account balances and transfers,1.0
Unsupported transfers sent from Revolut,0,Managing account balances and transfers,1.0
More help with sending money via a payment link,0,Managing account balances and transfers,1.0
Revolut.me link,0,Managing account balances and transfers,1.0
Insufficient funds for scheduled transfer,0,Managing account balances and transfers,1.0
Setting up scheduled payments to another Revolut customer,0,Managing account balances and transfers,1.0
Can I transfer money to or from Russia or Belarus?,0,Managing account balances and transfers,1.0
Can I transfer money to Ukraine?,0,Managing account balances and transfers,1.0
Supported currencies for outgoing transfers,0,Managing account balances and transfers,1.0
Benefits and risks of trading crypto ETNs,0,Managing account balances and transfers,1.0
Get started with crypto ETNs,0,Managing account balances and transfers,1.0
Get started with non-crypto ETPs,0,Managing account balances and transfers,1.0
What does it mean to be a high-net-worth investor?,0,Managing account balances and transfers,1.0
What does it mean to be a restricted investor?,0,Managing account balances and transfers,1.0
Leveraged and inverse ETPs,0,Managing account balances and transfers,1.0
What is a crypto ETN?,0,Managing account balances and transfers,1.0
Get started with ETCs,0,Managing account balances and transfers,1.0
Get started with ETNs,0,Managing account balances and transfers,1.0
What is an Exchange-Traded Product (ETP)?,0,Managing account balances and transfers,1.0
Exceeding my ISA allowance,0,Managing account balances and transfers,1.0
Investing with the Stocks and Shares ISA,0,Managing account balances and transfers,1.0
Stocks and Shares Individual Savings Account (ISA),0,Managing account balances and transfers,1.0
Stocks and Shares ISA rules,0,Managing account balances and transfers,1.0
Stocks and Shares ISA transfers,0,Managing account balances and transfers,1.0
What are the Stocks and Shares ISA fees?,0,Managing account balances and transfers,1.0
What happens to my Stocks and Shares ISA if I move abroad?,0,Managing account balances and transfers,1.0
Trading Terminal,0,Managing account balances and transfers,1.0
Crypto collections,0,Managing account balances and transfers,1.0
Accessing Revolut X,0,Managing account balances and transfers,1.0
Revolut X top-ups and withdrawals,0,Managing account balances and transfers,1.0
Get started with Revolut X,0,Managing account balances and transfers,1.0
What types of orders can I create on Revolut X?,0,Managing account balances and transfers,1.0
About crypto unified balance,0,Managing account balances and transfers,1.0
Revolut X fees,0,Managing account balances and transfers,1.0
Failed orders in Revolut X,0,Managing account balances and transfers,1.0
Why can't I trade in Revolut X?,0,Managing account balances and transfers,1.0
Why is part of my Revolut X portfolio balance unavailable?,0,Managing account balances and transfers,1.0
Issues with Take Profit or Stop Loss orders,0,Managing account balances and transfers,1.0
Take Profit and Stop Loss orders,0,Managing account balances and transfers,1.0
Setting up a virtual crypto card,0,Managing account balances and transfers,1.0
"Crypto payment fees, rates, and limits",0,Managing account balances and transfers,1.0
Crypto payments and how they work,0,Managing account balances and transfers,1.0
View your crypto card payments,0,Managing account balances and transfers,1.0
How does crypto staking work?,0,Managing account balances and transfers,1.0
Is there a fee associated with crypto staking?,0,Managing account balances and transfers,1.0
Stake and unstake crypto,0,Managing account balances and transfers,1.0
Calculation of crypto tiered pricing,0,Managing account balances and transfers,1.0
Tier progression and account changes,0,Managing account balances and transfers,1.0
Trading with crypto tiered pricing,0,Managing account balances and transfers,1.0
How to make sure crypto withdrawals are processed smoothly,0,Managing account balances and transfers,1.0
How to ensure my crypto is transferred successfully?,0,Managing account balances and transfers,1.0
Crypto notifications,0,Managing account balances and transfers,1.0
Crypto recurring buy,0,Managing account balances and transfers,1.0
Crypto rates and spread,0,Managing account balances and transfers,1.0
Fees for trading crypto,0,Managing account balances and transfers,1.0
Crypto limit order,0,Managing account balances and transfers,1.0
What is a crypto market order?,0,Managing account balances and transfers,1.0
Crypto stop order,0,Managing account balances and transfers,1.0
Crypto Learn,0,Managing account balances and transfers,1.0
How does converting cryptocurrency to fiat currency work?,0,Managing account balances and transfers,1.0
Crypto delisting,0,Managing account balances and transfers,1.0
Crypto account onboarding requirements,0,Managing account balances and transfers,1.0
Other crypto token information,0,Managing account balances and transfers,1.0
Revolut crypto features and products,0,Managing account balances and transfers,1.0
Can I set target prices for exchanging cryptocurrency?,0,Managing account balances and transfers,1.0
Receive (deposit) crypto from an external address,0,Managing account balances and transfers,1.0
Return or manage crypto deposits,0,Managing account balances and transfers,1.0
Failed crypto deposits,0,Managing account balances and transfers,1.0
Addresses supported for withdrawing and reverting crypto deposits,0,Managing account balances and transfers,1.0
Can't see my deposit in-app,0,Managing account balances and transfers,1.0
Pending crypto deposits,0,Managing account balances and transfers,1.0
"Supported crypto deposit currencies, networks, and exchanges",0,Managing account balances and transfers,1.0
Do I have an individual cryptocurrency wallet?,0,Managing account balances and transfers,1.0
Add a new wallet to withdraw crypto,0,Managing account balances and transfers,1.0
Crypto withdrawal fees,0,Managing account balances and transfers,1.0
Crypto withdrawal limits,0,Managing account balances and transfers,1.0
Cryptocurrencies and networks available for withdrawals,0,Managing account balances and transfers,1.0
Send (withdraw) crypto to an external address,0,Managing account balances and transfers,1.0
Pending crypto withdrawals,0,Managing account balances and transfers,1.0
Failed crypto withdrawals,0,Managing account balances and transfers,1.0
Cryptocurrency networks,0,Managing account balances and transfers,1.0
Buy and sell crypto,0,Managing account balances and transfers,1.0
Crypto basics,0,Managing account balances and transfers,1.0
Is my crypto safe with Revolut?,0,Managing account balances and transfers,1.0
Who provides Revolut's crypto services?,0,Managing account balances and transfers,0.8741
Taxes on crypto,0,Managing account balances and transfers,1.0
Koinly crypto tax reports,0,Managing account balances and transfers,1.0
Why do I need to name the wallet owner for withdrawals?,0,Managing account balances and transfers,0.9085
Crypto private keys and exposure on the blockchain,0,Managing account balances and transfers,1.0
Crypto spare change,0,Managing account balances and transfers,1.0
What exchange rates does Revolut offer?,0,Managing account balances and transfers,1.0
Currency exchange fees and limits,0,Managing account balances and transfers,1.0
How do I exchange money?,0,Managing account balances and transfers,1.0
Currency exchange orders,0,Managing account balances and transfers,1.0
"I just made an exchange, but I can't find my money",0,Managing account balances and transfers,1.0
Why might my currency order fail or not execute?,0,Managing account balances and transfers,1.0
Open and manage additional currency accounts,0,Managing account balances and transfers,1.0
Investor related tax information,0,Managing account balances and transfers,0.8302
How does the commission-free allowance work?,0,Managing account balances and transfers,1.0
Trading orders routing,0,Managing account balances and transfers,1.0
What are trading regulatory fees and taxes?,0,Managing account balances and transfers,1.0
Buying or selling commodities,0,Managing account balances and transfers,1.0
"Commodities prices, rates, and fees",0,Managing account balances and transfers,1.0
Commodities supported features,0,Managing account balances and transfers,1.0
Which precious metals are supported?,0,Managing account balances and transfers,1.0
Start with Revolut Ramp,0,Managing account balances and transfers,1.0
How can I get a full statement of my Ramp transaction?,0,Managing account balances and transfers,1.0
Pay with Revolut Ramp,0,Managing account balances and transfers,1.0
What are the fees for Revolut Ramp?,0,Managing account balances and transfers,1.0
I sent crypto to an incorrect wallet address. What can I do?,0,Managing account balances and transfers,1.0
I was charged extra by my bank for a Ramp payment. Why?,0,Managing account balances and transfers,1.0
My Ramp payment failed. What should I do?,0,Managing account balances and transfers,1.0
My Ramp transaction is completed but I didn't receive the funds,0,Managing account balances and transfers,1.0
My Ramp payment was completed but I didn’t receive the crypto. What should I do?,0,Managing account balances and transfers,1.0
Revolut Ramp supported currencies and limits,0,Managing account balances and transfers,1.0
Why did I receive less crypto than I paid for?,0,Managing account balances and transfers,1.0
Why was I charged more than I was shown?,0,Managing account balances and transfers,1.0
Advantages of investing in bonds,0,Managing account balances and transfers,1.0
Get started with Bonds,0,Managing account balances and transfers,1.0
Bonds fees,0,Managing account balances and transfers,1.0
Bonds terms and definitions,0,Managing account balances and transfers,1.0
Bond credit ratings,0,Managing account balances and transfers,1.0
Buy bonds in the Revolut app,0,Managing account balances and transfers,1.0
Buying a corporate bond vs buying stock in the same company,0,Managing account balances and transfers,1.0
Bond name interpretation in the Revolut app,0,Managing account balances and transfers,1.0
How does Revolut process corporate actions?,0,Managing account balances and transfers,1.0
Dividends,0,Managing account balances and transfers,1.0
Merger or acquisition of a company whose shares I own,0,Managing account balances and transfers,1.0
Stock delisting,0,Managing account balances and transfers,1.0
Stock split,0,Managing account balances and transfers,1.0
Trading customer support,0,Managing account balances and transfers,1.0
Which Revolut Trading entity is providing me services?,0,Managing account balances and transfers,1.0
Financial ratios for company analysis,0,Managing account balances and transfers,1.0
Market analysis,0,Managing account balances and transfers,1.0
OTC stocks,0,Managing account balances and transfers,1.0
Stock basics,0,Managing account balances and transfers,1.0
Stock markets,0,Managing account balances and transfers,1.0
What is a fractional share?,0,Managing account balances and transfers,1.0
What is a trading halt?,0,Managing account balances and transfers,1.0
How do I update my trading account details?,0,Managing account balances and transfers,1.0
Why are you asking me for documents to open or continue using Revolut trading?,0,Managing account balances and transfers,1.0
Understanding our onboarding question about affiliations,0,Managing account balances and transfers,1.0
Close my investment account,0,Managing account balances and transfers,1.0
Reasons an investment account may be closed,0,Managing account balances and transfers,1.0
How is the portfolio value calculated?,0,Managing account balances and transfers,1.0
Overview of Revolut Trading Ltd's omnibus account ,0,Managing account balances and transfers,0.8706
Trading watchlist and price alerts,0,Managing account balances and transfers,1.0
"Trading account information, statements and reports",0,Managing account balances and transfers,0.9181
Trade confirmation statements,0,Managing account balances and transfers,0.8757
Fund my investment account,0,Managing account balances and transfers,1.0
Using your credit card or a personal loan to trade stocks,0,Managing account balances and transfers,1.0
How to withdraw funds from my investment account,0,Managing account balances and transfers,0.93
Open an investment account,0,Managing account balances and transfers,1.0
Can I transfer my account from another broker?,0,Managing account balances and transfers,0.9202
Why does Revolut need my national identifier?,0,Managing account balances and transfers,0.8203
What information do I need to provide to onboard to trading?,0,Managing account balances and transfers,0.8289
What is an execution-only service?,0,Managing account balances and transfers,1.0
What is a Special Purpose Acquisition Company (SPAC)?,0,Managing account balances and transfers,1.0
American depositary receipts (ADRs) and pass-through fees,0,Managing account balances and transfers,1.0
Products available to trade,0,Managing account balances and transfers,1.0
Can I have a trading account if I’m a US Person?,0,Managing account balances and transfers,0.896
Who is Revolut Trading Ltd authorised by?,0,Managing account balances and transfers,0.9838
What are non-tradable securities?,0,Managing account balances and transfers,1.0
Do I own my stocks?,0,Managing account balances and transfers,1.0
How are my investments with Revolut protected?,0,Managing account balances and transfers,0.8174
How are the funds in my investment account protected?,0,Managing account balances and transfers,0.8867
What does capital at risk mean?,0,Managing account balances and transfers,1.0
Buy order block,0,Managing account balances and transfers,1.0
Pending trading orders,0,Managing account balances and transfers,1.0
Close a stock position,0,Managing account balances and transfers,1.0
How to place a stock order,0,Managing account balances and transfers,1.0
Can I use leverage to trade?,0,Managing account balances and transfers,1.0
What is a GTC Order and how does it work?,0,Managing account balances and transfers,1.0
Trading limit orders,0,Managing account balances and transfers,1.0
What is a stop order?,0,Managing account balances and transfers,1.0
Trading order types,0,Managing account balances and transfers,1.0
Top Movers,0,Managing account balances and transfers,1.0
Security prices,0,Managing account balances and transfers,1.0
What are Revolut's trading fees?,0,Managing account balances and transfers,1.0
Trading value limits,0,Managing account balances and transfers,1.0
Why is my stock on 'sell only'?,0,Managing account balances and transfers,1.0
Orders submitted during extended hours trading,0,Managing account balances and transfers,1.0
Extended hours trading risks,0,Managing account balances and transfers,1.0
How extended hours trading works,0,Managing account balances and transfers,1.0
What is a trading day?,0,Managing account balances and transfers,1.0
Trading hours,0,Managing account balances and transfers,1.0
What are the fees for Trading Pro?,0,Managing account balances and transfers,1.0
What is Trading Pro?,0,Managing account balances and transfers,1.0
