title,topic_1,label_1,topic_2,label_2,p1,p2,margin
Koinly crypto tax reports,17,Tax and national identification,3,Crypto account setup and security,0.152,0.151,0.001
Managing mobile plans and add-ons,26,eSIM data plan management,34,Mobile number transfers,0.238,0.234,0.003
Trading value limits,31,Stock investing fundamentals,0,Trading order types,0.256,0.247,0.008
Crypto rates and spread,47,Crypto trading fee tiers,3,Crypto account setup and security,0.398,0.386,0.012
What will happen to my Joint account?,28,Moving accounts to Revolut Bank,22,Joint account management,0.419,0.407,0.012
Close my Savings account,22,Joint account management,39,Instant Access Savings Interest Rates,0.237,0.226,0.012
Why was my top-up reverted?,38,Pending and delayed card payments,67,Dispute and refund status,0.231,0.216,0.014
OTC stocks,31,Stock investing fundamentals,0,Trading order types,0.279,0.265,0.015
What are the Stocks and Shares ISA fees?,49,Stocks and Shares ISA rules,32,Trading fees and allowances,0.36,0.344,0.015
How can I view my travel insurance policy documents?,25,Pet insurance policy management,1,Revolut travel insurance coverage,0.28,0.262,0.018
Will the account transition have any tax implications?,17,Tax and national identification,28,Moving accounts to Revolut Bank,0.334,0.315,0.019
Using your credit card or a personal loan to trade stocks,11,Exchange Traded Products,64,Income Sorter,0.257,0.237,0.021
How can my friend order a physical card?,13,Ordering a physical card,2,Referral purchase requirements,0.26,0.239,0.021
Open and manage additional currency accounts,42,Currency accounts and exchange rates,7,Adding money via bank transfer,0.202,0.181,0.021
Request a Revolut – Kids & Teens virtual card,10,Kids and teens account management,41,Virtual card usage and limits,0.354,0.331,0.022
Getting started with Joint Savings,22,Joint account management,39,Instant Access Savings Interest Rates,0.324,0.302,0.022
Can I make a local transfer in a different currency?,56,International transfer intermediary bank fees,7,Adding money via bank transfer,0.331,0.309,0.022
Commodities supported features,59,Spare change round ups,54,Revolut service providers and regulation,0.211,0.189,0.022
Card payment fees and limits,18,18_limits_withdrawal_atm_fees,12,Accepting payments with Revolut,0.175,0.151,0.024
Why should I accept payments with Revolut Pro?,48,Revolut Pro account features,12,Accepting payments with Revolut,0.425,0.401,0.024
Adding money to a Joint account,22,Joint account management,7,Adding money via bank transfer,0.248,0.223,0.025
What happens if my joint account balance goes negative?,38,Pending and delayed card payments,22,Joint account management,0.326,0.299,0.027
Where can I pay with Apple Pay or Google Pay?,60,60_deposit_card_pay_topup,33,Apple Pay and Card Security,0.207,0.178,0.029
How does sorting to investments work?,64,Income Sorter,32,Trading fees and allowances,0.192,0.163,0.029
Do I have an individual cryptocurrency wallet?,41,Virtual card usage and limits,35,Managing Click to Pay cards,0.263,0.234,0.029
Cover for cancelled and interrupted trips,1,Revolut travel insurance coverage,14,Cancel for any reason protection,0.368,0.338,0.03
Why is my ATM withdrawal pending?,38,Pending and delayed card payments,18,18_limits_withdrawal_atm_fees,0.21,0.179,0.031
Changing your paid plan billing date,37,Plan billing and payments,57,Downgrading paid plans,0.376,0.344,0.032
How does Revolut protect me against fraud?,41,Virtual card usage and limits,65,Account security and fraud protection,0.263,0.228,0.035
Getting started with Revolut,22,Joint account management,52,Compare Revolut paid plans,0.174,0.138,0.036
"How to report a suspicious call, email, link, or text",70,Reporting fraud and suspicious activity,62,Report fraudulent transactions,0.34,0.301,0.038
Does moving home affect Ultra trip and event coverage?,14,Cancel for any reason protection,1,Revolut travel insurance coverage,0.256,0.216,0.04
What features are supported on the Web App?,45,Contacting support and complaints,16,Download account statements,0.211,0.17,0.041
Order a paid plan card,13,Ordering a physical card,40,Gifting paid plans to friends,0.227,0.185,0.041
Can I transfer money to Ukraine?,7,Adding money via bank transfer,56,International transfer intermediary bank fees,0.263,0.223,0.041
Sending money from Revolut to a bank account,7,Adding money via bank transfer,56,International transfer intermediary bank fees,0.226,0.185,0.042
Revolut Pro invoices,12,Accepting payments with Revolut,10,Kids and teens account management,0.184,0.141,0.043
Get a Pockets statement,16,Download account statements,27,Group Pockets,0.356,0.313,0.043
Buy order block,68,Blocking and unblocking payments,0,Trading order types,0.39,0.346,0.044
Get started with Revolut X,5,Lost phone number login,42,Currency accounts and exchange rates,0.199,0.155,0.045
Forgotten passcode for a Kids & Teens account,10,Kids and teens account management,5,Lost phone number login,0.321,0.274,0.046
Public Figure Check - More Information,22,Joint account management,17,Tax and national identification,0.278,0.232,0.046
How does travel mode work?,1,Revolut travel insurance coverage,65,Account security and fraud protection,0.227,0.179,0.048
Setting up a virtual crypto card,41,Virtual card usage and limits,50,Crypto card payments and Ramp,0.174,0.124,0.05
Bonds fees,55,Bond investment basics,32,Trading fees and allowances,0.316,0.265,0.051
I want to cancel my transfer to a card,23,Canceling transfers and payment links,19,Transfer status and tracking,0.354,0.3,0.053
Personalise RevPoints,9,RevPoints earning and redemption,26,eSIM data plan management,0.299,0.243,0.057
Setting up Google Pay,35,Managing Click to Pay cards,60,60_deposit_card_pay_topup,0.251,0.192,0.058
Why is my withdrawal pending?,20,FSCS protection for accounts,19,Transfer status and tracking,0.226,0.167,0.059
Trading watchlist and price alerts,69,Account settings and notifications,0,Trading order types,0.213,0.154,0.059
What is a Special Purpose Acquisition Company (SPAC)?,11,Exchange Traded Products,31,Stock investing fundamentals,0.462,0.403,0.059
Change my name,5,Lost phone number login,35,Managing Click to Pay cards,0.195,0.135,0.06
Why your card top-ups may be blocked,7,Adding money via bank transfer,66,Card top-up restrictions,0.254,0.194,0.061
How to split a bill with another Revolut customer,12,Accepting payments with Revolut,23,Canceling transfers and payment links,0.34,0.279,0.061
Warranty on Revolut Terminals,12,Accepting payments with Revolut,30,Device software and security updates,0.226,0.166,0.061
Order a physical card for Referrals reward,13,Ordering a physical card,2,Referral purchase requirements,0.316,0.253,0.063
How do I update my trading account details?,17,Tax and national identification,5,Lost phone number login,0.273,0.21,0.063
How do I complain about my pet insurance?,25,Pet insurance policy management,45,Contacting support and complaints,0.361,0.298,0.064
Payment limits when using Apple Pay or Google Pay,12,Accepting payments with Revolut,60,60_deposit_card_pay_topup,0.219,0.154,0.065
Is physical card activation necessary before the deadline?,13,Ordering a physical card,2,Referral purchase requirements,0.283,0.215,0.067
Is my private information safe?,63,Personal data privacy and retention,54,Revolut service providers and regulation,0.301,0.233,0.067
How is the portfolio value calculated?,0,Trading order types,16,Download account statements,0.213,0.145,0.068
Setting a monthly spending limit,58,Card payment declined,12,Accepting payments with Revolut,0.347,0.279,0.068
How do I move money out of my Revolut Pro account?,48,Revolut Pro account features,7,Adding money via bank transfer,0.342,0.269,0.073
My card was stolen. What should I do?,44,Replace reactivate or fix cards,60,60_deposit_card_pay_topup,0.223,0.149,0.073
Cards and currencies supported for adding money,4,Supported currencies and cards,66,Card top-up restrictions,0.42,0.346,0.074
Can I receive large bank transfers into my Revolut account?,7,Adding money via bank transfer,19,Transfer status and tracking,0.224,0.151,0.074
Understanding our onboarding question about affiliations,22,Joint account management,17,Tax and national identification,0.285,0.21,0.075
Change my date of birth,63,Personal data privacy and retention,5,Lost phone number login,0.264,0.188,0.075
How to withdraw funds from my investment account,0,Trading order types,22,Joint account management,0.255,0.178,0.077
Where can I use my Revolut card?,4,Supported currencies and cards,58,Card payment declined,0.228,0.15,0.077
How do I log in to my Revolut Terminal?,5,Lost phone number login,48,Revolut Pro account features,0.295,0.216,0.079
The name on my card is incorrect,59,Spare change round ups,21,Identity and address verification,0.258,0.178,0.08
What are partner benefits?,6,Accessing plan partner subscriptions,57,Downgrading paid plans,0.244,0.162,0.081
How to withdraw a foreign currency,18,18_limits_withdrawal_atm_fees,42,Currency accounts and exchange rates,0.299,0.217,0.082
Promotional cashback,48,Revolut Pro account features,6,Accessing plan partner subscriptions,0.259,0.174,0.085
Kids & Teens Instant Access Savings,10,Kids and teens account management,39,Instant Access Savings Interest Rates,0.349,0.263,0.086
Why did my payment amount change?,38,Pending and delayed card payments,67,Dispute and refund status,0.316,0.23,0.086
What happens to my data while my account is being moved?,28,Moving accounts to Revolut Bank,63,Personal data privacy and retention,0.363,0.276,0.087
What if Revolut - Kids & Teens isn't available?,10,Kids and teens account management,4,Supported currencies and cards,0.501,0.414,0.087
Card deposit limits and fees,66,Card top-up restrictions,60,60_deposit_card_pay_topup,0.284,0.194,0.09
Who are Revolut Pet Insurance?,54,Revolut service providers and regulation,25,Pet insurance policy management,0.368,0.278,0.09
"My friend ordered a card, but I didn’t get the reward. Why?",13,Ordering a physical card,2,Referral purchase requirements,0.29,0.199,0.091
Will my account be at risk while it's being moved over?,28,Moving accounts to Revolut Bank,53,Account transition impact,0.291,0.2,0.091
When will I receive my Revolut Terminal?,13,Ordering a physical card,48,Revolut Pro account features,0.363,0.272,0.091
My Ramp transaction is completed but I didn't receive the funds,8,Crypto deposit troubleshooting,50,Crypto card payments and Ramp,0.327,0.235,0.092
My Ramp payment was completed but I didn’t receive the crypto. What should I do?,8,Crypto deposit troubleshooting,50,Crypto card payments and Ramp,0.365,0.273,0.092
Revolut X top-ups and withdrawals,50,Crypto card payments and Ramp,42,Currency accounts and exchange rates,0.267,0.171,0.097
Why did my recipient receive less money?,56,International transfer intermediary bank fees,19,Transfer status and tracking,0.365,0.268,0.097
Insufficient funds for scheduled transfer,19,Transfer status and tracking,27,Group Pockets,0.228,0.13,0.099
Can I choose between Mastercard and Visa?,13,Ordering a physical card,41,Virtual card usage and limits,0.447,0.348,0.099
Order a Revolut Pro card,48,Revolut Pro account features,13,Ordering a physical card,0.302,0.202,0.1
Add a new wallet to withdraw crypto,50,Crypto card payments and Ramp,8,Crypto deposit troubleshooting,0.428,0.328,0.1
Crypto delisting,3,Crypto account setup and security,38,Pending and delayed card payments,0.335,0.234,0.1
How are trips defined for travel analytics?,1,Revolut travel insurance coverage,14,Cancel for any reason protection,0.322,0.22,0.102
Do I have to pay for my trip using my Revolut account?,1,Revolut travel insurance coverage,14,Cancel for any reason protection,0.304,0.2,0.104
Will my fees and charges change now that Revolut is a bank?,53,Account transition impact,28,Moving accounts to Revolut Bank,0.442,0.337,0.105
Send or request money from other Revolut customers,7,Adding money via bank transfer,18,18_limits_withdrawal_atm_fees,0.23,0.125,0.105
My card has been swallowed by an ATM,62,Report fraudulent transactions,44,Replace reactivate or fix cards,0.249,0.143,0.106
Transferring funds to an external card,7,Adding money via bank transfer,42,Currency accounts and exchange rates,0.249,0.142,0.107
Supported currencies for holding,4,Supported currencies and cards,42,Currency accounts and exchange rates,0.403,0.295,0.109
How to close a Revolut Pro account,48,Revolut Pro account features,22,Joint account management,0.32,0.21,0.11
Buying a corporate bond vs buying stock in the same company,55,Bond investment basics,31,Stock investing fundamentals,0.44,0.329,0.111
Joint account transfers,22,Joint account management,7,Adding money via bank transfer,0.344,0.233,0.111
Adding money to Pockets,27,Group Pockets,59,Spare change round ups,0.346,0.233,0.113
Documents and statements for my Savings accounts,16,Download account statements,39,Instant Access Savings Interest Rates,0.311,0.198,0.114
I can't find my Vaults,27,Group Pockets,39,Instant Access Savings Interest Rates,0.343,0.229,0.114
How to complete all steps for Referrals reward,2,Referral purchase requirements,13,Ordering a physical card,0.281,0.166,0.115
Taxes on crypto,3,Crypto account setup and security,17,Tax and national identification,0.342,0.226,0.116
Who provides Revolut's crypto services?,54,Revolut service providers and regulation,3,Crypto account setup and security,0.354,0.238,0.116
What if I don't have enough money in my bills Pocket?,27,Group Pockets,38,Pending and delayed card payments,0.245,0.127,0.118
What is a trading halt?,0,Trading order types,31,Stock investing fundamentals,0.363,0.244,0.119
What currency account details are available for me?,7,Adding money via bank transfer,42,Currency accounts and exchange rates,0.273,0.153,0.12
Which merchants are not supported by Revolut?,68,Blocking and unblocking payments,18,18_limits_withdrawal_atm_fees,0.247,0.126,0.121
I sent crypto to an incorrect wallet address. What can I do?,8,Crypto deposit troubleshooting,50,Crypto card payments and Ramp,0.538,0.416,0.122
Revolut Ramp supported currencies and limits,3,Crypto account setup and security,18,18_limits_withdrawal_atm_fees,0.301,0.177,0.124
Do I own my stocks?,31,Stock investing fundamentals,49,Stocks and Shares ISA rules,0.421,0.297,0.124
How to transfer funds to Revolut,7,Adding money via bank transfer,19,Transfer status and tracking,0.362,0.236,0.126
Which Revolut companies provide me with services?,54,Revolut service providers and regulation,63,Personal data privacy and retention,0.301,0.173,0.128
Cancel for any reason complaints,15,Purchase insurance coverage,25,Pet insurance policy management,0.28,0.151,0.129
Am I eligible for Google Pay?,4,Supported currencies and cards,60,60_deposit_card_pay_topup,0.294,0.16,0.134
How to make a Pet Insurance claim,25,Pet insurance policy management,15,Purchase insurance coverage,0.36,0.226,0.134
How much does it cost to accept payments with Revolut Pro?,12,Accepting payments with Revolut,48,Revolut Pro account features,0.312,0.178,0.135
How to disable RevPoints spare change?,9,RevPoints earning and redemption,59,Spare change round ups,0.538,0.404,0.135
Report a fraudulent transfer,62,Report fraudulent transactions,70,Reporting fraud and suspicious activity,0.299,0.163,0.136
Does Revolut offer services in Russia?,4,Supported currencies and cards,29,Reporting vulnerable circumstances,0.361,0.223,0.138
Can I transfer my account from another broker?,19,Transfer status and tracking,0,Trading order types,0.291,0.153,0.138
I want to cancel a bank transfer,23,Canceling transfers and payment links,19,Transfer status and tracking,0.339,0.199,0.139
Managing a mobile plan for a lost or stolen device,5,Lost phone number login,26,eSIM data plan management,0.335,0.194,0.141
American depositary receipts (ADRs) and pass-through fees,32,Trading fees and allowances,31,Stock investing fundamentals,0.322,0.179,0.143
What are Revolut's trading fees?,32,Trading fees and allowances,0,Trading order types,0.283,0.139,0.143
Warranty on the Revolut Reader,12,Accepting payments with Revolut,30,Device software and security updates,0.356,0.209,0.146
Why was the transfer to my account reverted?,19,Transfer status and tracking,7,Adding money via bank transfer,0.35,0.203,0.148
What is Dynamic Currency Conversion (DCC)?,18,18_limits_withdrawal_atm_fees,42,Currency accounts and exchange rates,0.347,0.199,0.148
Add money in one tap,7,Adding money via bank transfer,60,60_deposit_card_pay_topup,0.299,0.151,0.148
Start with Revolut Ramp,50,Crypto card payments and Ramp,3,Crypto account setup and security,0.376,0.227,0.149
Tax on Savings,17,Tax and national identification,16,Download account statements,0.36,0.21,0.151
Event ticket cancellation protection coverage,14,Cancel for any reason protection,15,Purchase insurance coverage,0.426,0.275,0.151
Your Joint account statement,22,Joint account management,16,Download account statements,0.344,0.192,0.152
How do regulatory limits affect my usage?,33,Apple Pay and Card Security,68,Blocking and unblocking payments,0.299,0.146,0.153
More help with a scheduled transfer,46,Scheduled transfers and custom categories,19,Transfer status and tracking,0.38,0.226,0.154
Finding your gift cards,9,RevPoints earning and redemption,40,Gifting paid plans to friends,0.486,0.331,0.156
Revolut X fees,18,18_limits_withdrawal_atm_fees,42,Currency accounts and exchange rates,0.322,0.166,0.156
Why aren’t my contactless payments working?,44,Replace reactivate or fix cards,33,Apple Pay and Card Security,0.317,0.159,0.158
Why was my Savings Accounts restricted or closed?,61,Closed restricted or deceased accounts,39,Instant Access Savings Interest Rates,0.316,0.156,0.16
Cancel a transaction on the Revolut Terminal,23,Canceling transfers and payment links,67,Dispute and refund status,0.407,0.246,0.16
How to redeem RevPoints for gift cards,9,RevPoints earning and redemption,40,Gifting paid plans to friends,0.511,0.35,0.161
Next payment date for your paid plan,37,Plan billing and payments,40,Gifting paid plans to friends,0.38,0.219,0.161
My physical card isn't working,44,Replace reactivate or fix cards,33,Apple Pay and Card Security,0.325,0.162,0.162
Crypto withdrawal fees,18,18_limits_withdrawal_atm_fees,8,Crypto deposit troubleshooting,0.424,0.262,0.162
What are non-tradable securities?,22,Joint account management,0,Trading order types,0.324,0.162,0.162
How do I get an update on my existing claim?,15,Purchase insurance coverage,14,Cancel for any reason protection,0.447,0.284,0.163
Crypto collections,3,Crypto account setup and security,18,18_limits_withdrawal_atm_fees,0.282,0.118,0.165
Am I eligible for Click to Pay?,35,Managing Click to Pay cards,4,Supported currencies and cards,0.583,0.417,0.166
Requesting money with a payment link,12,Accepting payments with Revolut,7,Adding money via bank transfer,0.268,0.103,0.166
What are passkeys?,5,Lost phone number login,60,60_deposit_card_pay_topup,0.324,0.154,0.17
Stock delisting,31,Stock investing fundamentals,0,Trading order types,0.396,0.227,0.17
What is Revolut Reader and how do I use it?,12,Accepting payments with Revolut,48,Revolut Pro account features,0.372,0.201,0.171
How do I link an external account to Revolut?,7,Adding money via bank transfer,66,Card top-up restrictions,0.278,0.107,0.171
I lost access to a device my passkey is stored on,5,Lost phone number login,30,Device software and security updates,0.402,0.231,0.171
How to make cash deposits,60,60_deposit_card_pay_topup,66,Card top-up restrictions,0.3,0.129,0.171
Why has my card transfer failed or been declined?,19,Transfer status and tracking,23,Canceling transfers and payment links,0.403,0.231,0.172
Freeze a card,62,Report fraudulent transactions,68,Blocking and unblocking payments,0.33,0.157,0.173
Close my investment account,22,Joint account management,61,Closed restricted or deceased accounts,0.359,0.185,0.174
Duplicate account,5,Lost phone number login,22,Joint account management,0.32,0.146,0.174
How do I exchange money?,42,Currency accounts and exchange rates,7,Adding money via bank transfer,0.324,0.147,0.177
Overview of Revolut Trading Ltd's omnibus account ,20,FSCS protection for accounts,54,Revolut service providers and regulation,0.419,0.242,0.177
How does Bulgaria adopting the Euro affect me?,39,Instant Access Savings Interest Rates,42,Currency accounts and exchange rates,0.298,0.119,0.178
What will happen to my account when it’s moved?,20,FSCS protection for accounts,28,Moving accounts to Revolut Bank,0.4,0.223,0.178
Pay for your missed plan payment,37,Plan billing and payments,57,Downgrading paid plans,0.377,0.199,0.178
What are Revolut Terminals?,12,Accepting payments with Revolut,33,Apple Pay and Card Security,0.321,0.142,0.179
Decline reasons on Apple Pay and Google Pay,60,60_deposit_card_pay_topup,44,Replace reactivate or fix cards,0.309,0.129,0.18
Card security settings,33,Apple Pay and Card Security,44,Replace reactivate or fix cards,0.296,0.115,0.181
Cards and contactless payments with Revolut Terminals,12,Accepting payments with Revolut,4,Supported currencies and cards,0.351,0.168,0.183
Fraud and cybercrime reporting to national authorities,70,Reporting fraud and suspicious activity,51,APP scam reimbursement,0.375,0.192,0.184
Add money with Apple Pay or Google Pay,60,60_deposit_card_pay_topup,66,Card top-up restrictions,0.289,0.105,0.184
Discounts for loyal customers,40,Gifting paid plans to friends,37,Plan billing and payments,0.463,0.278,0.185
How can I keep my account safe from fraud?,70,Reporting fraud and suspicious activity,62,Report fraudulent transactions,0.512,0.327,0.185
I sent a transfer to the wrong Revolut customer,23,Canceling transfers and payment links,45,Contacting support and complaints,0.412,0.226,0.185
"Crypto payment fees, rates, and limits",18,18_limits_withdrawal_atm_fees,50,Crypto card payments and Ramp,0.34,0.154,0.185
Will Revolut Bank have physical branches?,53,Account transition impact,28,Moving accounts to Revolut Bank,0.392,0.206,0.186
Setting up Apple Pay,33,Apple Pay and Card Security,60,60_deposit_card_pay_topup,0.322,0.136,0.186
Accessing your transaction history from your Revolut account,16,Download account statements,5,Lost phone number login,0.34,0.154,0.186
Why are you asking me for documents to open or continue using Revolut trading?,21,Identity and address verification,16,Download account statements,0.488,0.301,0.187
How do I make a cancel for any reason protection claim?,14,Cancel for any reason protection,15,Purchase insurance coverage,0.448,0.26,0.188
I was charged extra by my bank for a Ramp payment. Why?,50,Crypto card payments and Ramp,56,International transfer intermediary bank fees,0.354,0.166,0.188
What account details should I use for incoming transfers?,7,Adding money via bank transfer,56,International transfer intermediary bank fees,0.317,0.129,0.188
When will Revolut credit be available in my country?,4,Supported currencies and cards,69,Account settings and notifications,0.305,0.114,0.191
How does the Clear Sky debit card support Ukraine?,59,Spare change round ups,13,Ordering a physical card,0.381,0.189,0.192
My phone suddenly lost signal,24,Recognizing scam red flags,34,Mobile number transfers,0.353,0.16,0.193
How to add money with a card,60,60_deposit_card_pay_topup,66,Card top-up restrictions,0.352,0.157,0.194
View your crypto card payments,50,Crypto card payments and Ramp,3,Crypto account setup and security,0.32,0.126,0.194
How do I add funds to my Pro account?,48,Revolut Pro account features,7,Adding money via bank transfer,0.313,0.119,0.194
Maximum active cards,41,Virtual card usage and limits,13,Ordering a physical card,0.425,0.232,0.194
Will I get a full refund for my trip or event cancellation?,14,Cancel for any reason protection,15,Purchase insurance coverage,0.449,0.254,0.195
Who provides Ultra trip and event cancellation protection?,14,Cancel for any reason protection,15,Purchase insurance coverage,0.419,0.225,0.195
Your paid plan subscription end date,57,Downgrading paid plans,37,Plan billing and payments,0.399,0.202,0.196
My card payment was declined by the security system,68,Blocking and unblocking payments,58,Card payment declined,0.358,0.161,0.197
How are the funds in my Savings accounts protected?,20,FSCS protection for accounts,39,Instant Access Savings Interest Rates,0.435,0.237,0.197
Does the account transfer impact my plan insurance cover?,1,Revolut travel insurance coverage,27,Group Pockets,0.396,0.198,0.198
"Commodities prices, rates, and fees",47,Crypto trading fee tiers,42,Currency accounts and exchange rates,0.327,0.128,0.199
Fund my investment account,42,Currency accounts and exchange rates,18,18_limits_withdrawal_atm_fees,0.344,0.144,0.2
Receiving money to my Revolut card,7,Adding money via bank transfer,42,Currency accounts and exchange rates,0.329,0.128,0.201
Why did I receive less money?,56,International transfer intermediary bank fees,7,Adding money via bank transfer,0.409,0.207,0.202
What are Revolut's safety features?,65,Account security and fraud protection,54,Revolut service providers and regulation,0.315,0.112,0.202
Creating a virtual card,41,Virtual card usage and limits,13,Ordering a physical card,0.403,0.2,0.203
Submitting documents for a purchase insurance claim,15,Purchase insurance coverage,14,Cancel for any reason protection,0.462,0.258,0.204
Order a Joint account card,13,Ordering a physical card,22,Joint account management,0.404,0.199,0.205
Documents for a closed account ,5,Lost phone number login,16,Download account statements,0.371,0.165,0.206
Reporting vulnerable circumstances to Revolut,29,Reporting vulnerable circumstances,68,Blocking and unblocking payments,0.327,0.121,0.206
"Cover for damaged, lost, or delayed baggage",1,Revolut travel insurance coverage,15,Purchase insurance coverage,0.427,0.219,0.208
Why was I charged more than I was shown?,56,International transfer intermediary bank fees,50,Crypto card payments and Ramp,0.312,0.103,0.208
How to make sure crypto withdrawals are processed smoothly,8,Crypto deposit troubleshooting,22,Joint account management,0.333,0.125,0.208
Finding the card PIN,33,Apple Pay and Card Security,44,Replace reactivate or fix cards,0.392,0.184,0.209
Gifting a paid plan,40,Gifting paid plans to friends,37,Plan billing and payments,0.398,0.189,0.209
Difficulty adding money with an easy bank transfer,7,Adding money via bank transfer,60,60_deposit_card_pay_topup,0.358,0.148,0.21
Why did I receive less crypto than I paid for?,50,Crypto card payments and Ramp,3,Crypto account setup and security,0.377,0.166,0.211
Download a transfer confirmation,19,Transfer status and tracking,16,Download account statements,0.369,0.158,0.211
I received a transfer from an unknown sender,45,Contacting support and complaints,23,Canceling transfers and payment links,0.607,0.393,0.213
Buy and sell crypto,3,Crypto account setup and security,0,Trading order types,0.408,0.192,0.216
My transfer to or from someone on Revolut wasn't received,5,Lost phone number login,34,Mobile number transfers,0.365,0.147,0.218
What is the excess for travel insurance claims?,1,Revolut travel insurance coverage,15,Purchase insurance coverage,0.458,0.24,0.218
Can I receive my salary into my Revolut account?,7,Adding money via bank transfer,19,Transfer status and tracking,0.338,0.12,0.218
How to calculate interest on Savings accounts,39,Instant Access Savings Interest Rates,20,FSCS protection for accounts,0.508,0.289,0.219
Revolut Kids & Teens Payment Links,10,Kids and teens account management,12,Accepting payments with Revolut,0.455,0.235,0.22
Bank transfer fees,56,International transfer intermediary bank fees,7,Adding money via bank transfer,0.389,0.17,0.22
Who regulates Revolut Bank and where can I complain?,54,Revolut service providers and regulation,53,Account transition impact,0.384,0.162,0.222
Manage my external linked accounts in Revolut,43,Financial analytics dashboard,7,Adding money via bank transfer,0.331,0.108,0.223
Cover for delayed trips,1,Revolut travel insurance coverage,14,Cancel for any reason protection,0.432,0.209,0.223
How to add money for the Referrals reward,2,Referral purchase requirements,60,60_deposit_card_pay_topup,0.376,0.147,0.229
Can I keep my e-money account?,28,Moving accounts to Revolut Bank,22,Joint account management,0.406,0.177,0.229
Failed crypto deposits,8,Crypto deposit troubleshooting,60,60_deposit_card_pay_topup,0.423,0.193,0.23
Benefits and risks of trading crypto ETNs,11,Exchange Traded Products,3,Crypto account setup and security,0.429,0.198,0.231
Other crypto token information,50,Crypto card payments and Ramp,3,Crypto account setup and security,0.539,0.307,0.232
Crypto payments and how they work,50,Crypto card payments and Ramp,3,Crypto account setup and security,0.338,0.105,0.233
I received a card that I had marked as undelivered,44,Replace reactivate or fix cards,13,Ordering a physical card,0.386,0.153,0.233
Can I transfer money to or from Russia or Belarus?,4,Supported currencies and cards,7,Adding money via bank transfer,0.458,0.225,0.233
Revolut Kids & Teens Save,10,Kids and teens account management,27,Group Pockets,0.452,0.218,0.234
What are trading regulatory fees and taxes?,32,Trading fees and allowances,0,Trading order types,0.365,0.131,0.234
I can't add my card to Apple Pay,33,Apple Pay and Card Security,60,60_deposit_card_pay_topup,0.347,0.11,0.237
How to complete 'Add Money' step,2,Referral purchase requirements,60,60_deposit_card_pay_topup,0.34,0.103,0.237
Why didn't I get a bank account when I signed up?,20,FSCS protection for accounts,7,Adding money via bank transfer,0.459,0.221,0.238
Trips covered by travel insurance,1,Revolut travel insurance coverage,14,Cancel for any reason protection,0.464,0.226,0.238
Mobile plan allowance and consumption,26,eSIM data plan management,32,Trading fees and allowances,0.392,0.153,0.239
Mobile plan access and payment,37,Plan billing and payments,26,eSIM data plan management,0.395,0.155,0.24
Why was my outbound bank transfer reverted?,19,Transfer status and tracking,56,International transfer intermediary bank fees,0.419,0.178,0.241
Turo rewards,6,Accessing plan partner subscriptions,2,Referral purchase requirements,0.346,0.105,0.241
Managing your paid plan billing,37,Plan billing and payments,57,Downgrading paid plans,0.446,0.205,0.241
Cancelling your scheduled plan downgrade,57,Downgrading paid plans,37,Plan billing and payments,0.405,0.163,0.241
Switching languages in the app,42,Currency accounts and exchange rates,30,Device software and security updates,0.473,0.23,0.242
Card customisation,13,Ordering a physical card,44,Replace reactivate or fix cards,0.387,0.145,0.242
How can I see my spending and income analytics?,43,Financial analytics dashboard,64,Income Sorter,0.49,0.246,0.244
Activate a physical card,44,Replace reactivate or fix cards,13,Ordering a physical card,0.398,0.154,0.244
My beneficiary has not received my card transfer,19,Transfer status and tracking,23,Canceling transfers and payment links,0.456,0.212,0.244
Getting started with purchase insurance,15,Purchase insurance coverage,14,Cancel for any reason protection,0.418,0.174,0.244
Get started with crypto ETNs,11,Exchange Traded Products,20,FSCS protection for accounts,0.443,0.197,0.246
Documents for the source of funds verification,21,Identity and address verification,16,Download account statements,0.428,0.18,0.248
Strange small charges on your card?,70,Reporting fraud and suspicious activity,41,Virtual card usage and limits,0.393,0.144,0.249
Claiming special bonus offered by Revolut promotion,2,Referral purchase requirements,66,Card top-up restrictions,0.385,0.135,0.25
Crypto withdrawal limits,18,18_limits_withdrawal_atm_fees,8,Crypto deposit troubleshooting,0.53,0.277,0.253
More help with sending money via a payment link,23,Canceling transfers and payment links,12,Accepting payments with Revolut,0.414,0.161,0.253
What happens to my partner benefits if I change my plan?,57,Downgrading paid plans,6,Accessing plan partner subscriptions,0.504,0.25,0.254
Submitting documents for a travel insurance claim,1,Revolut travel insurance coverage,21,Identity and address verification,0.405,0.151,0.255
Currency exchange orders,0,Trading order types,42,Currency accounts and exchange rates,0.425,0.171,0.255
Linking an existing card,35,Managing Click to Pay cards,13,Ordering a physical card,0.384,0.127,0.256
Getting started with cancel for any reason protection,14,Cancel for any reason protection,15,Purchase insurance coverage,0.457,0.2,0.257
Is my crypto safe with Revolut?,3,Crypto account setup and security,65,Account security and fraud protection,0.439,0.182,0.257
Edit the time on my Revolut Terminal,30,Device software and security updates,5,Lost phone number login,0.547,0.29,0.257
An urgent call out of the blue?,24,Recognizing scam red flags,51,APP scam reimbursement,0.363,0.106,0.257
What is a trip?,14,Cancel for any reason protection,1,Revolut travel insurance coverage,0.455,0.197,0.258
What is Revolut ID?,5,Lost phone number login,21,Identity and address verification,0.51,0.251,0.258
Upgrade my plan,37,Plan billing and payments,57,Downgrading paid plans,0.421,0.162,0.259
What are the limits of cover and deductibles?,14,Cancel for any reason protection,15,Purchase insurance coverage,0.511,0.251,0.26
Report a card payment as a scam or fraud,62,Report fraudulent transactions,51,APP scam reimbursement,0.45,0.19,0.26
Crypto Learn,3,Crypto account setup and security,50,Crypto card payments and Ramp,0.413,0.154,0.26
Can I accept payments with Revolut Pro?,12,Accepting payments with Revolut,48,Revolut Pro account features,0.49,0.229,0.262
Fees for card payments in a foreign currency,18,18_limits_withdrawal_atm_fees,6,Accessing plan partner subscriptions,0.383,0.121,0.262
"My friend added money, but I still didn’t get the reward",2,Referral purchase requirements,60,60_deposit_card_pay_topup,0.365,0.103,0.262
Cover for sports and activities,1,Revolut travel insurance coverage,15,Purchase insurance coverage,0.47,0.206,0.263
Why was my card payment declined if I have enough funds?,58,Card payment declined,27,Group Pockets,0.386,0.123,0.263
Open an investment account,17,Tax and national identification,21,Identity and address verification,0.385,0.122,0.263
What happens once the gifted paid plan duration ends?,40,Gifting paid plans to friends,37,Plan billing and payments,0.428,0.164,0.264
How do I get the Clear Sky debit card?,13,Ordering a physical card,59,Spare change round ups,0.45,0.186,0.265
Am I covered by Ultra trip cancellation protection if I need to cancel a flight while abroad?,14,Cancel for any reason protection,1,Revolut travel insurance coverage,0.552,0.287,0.265
"Now that Revolut is a bank, how is my money protected?",20,FSCS protection for accounts,28,Moving accounts to Revolut Bank,0.387,0.121,0.266
Sending and requesting money with a payment link,12,Accepting payments with Revolut,23,Canceling transfers and payment links,0.385,0.119,0.266
Dividends,49,Stocks and Shares ISA rules,31,Stock investing fundamentals,0.465,0.198,0.267
Send (withdraw) crypto to an external address,8,Crypto deposit troubleshooting,18,18_limits_withdrawal_atm_fees,0.439,0.171,0.268
My transfer to another Revolut customer is pending,23,Canceling transfers and payment links,19,Transfer status and tracking,0.47,0.201,0.268
Sales using a Revolut Pro product catalogue,46,Scheduled transfers and custom categories,48,Revolut Pro account features,0.45,0.182,0.268
Buying or selling commodities,0,Trading order types,42,Currency accounts and exchange rates,0.481,0.212,0.269
Claiming after Premium travel insurance removal,1,Revolut travel insurance coverage,14,Cancel for any reason protection,0.411,0.138,0.273
Difference between limited and full access to the web app,5,Lost phone number login,3,Crypto account setup and security,0.382,0.108,0.274
Why is Revolut becoming a bank in the UK?,20,FSCS protection for accounts,53,Account transition impact,0.476,0.202,0.274
Travel insurance coverage,1,Revolut travel insurance coverage,14,Cancel for any reason protection,0.458,0.182,0.275
Locate a bank transfer sent to my Revolut account,19,Transfer status and tracking,7,Adding money via bank transfer,0.458,0.182,0.276
Why was my ATM withdrawal declined?,58,Card payment declined,18,18_limits_withdrawal_atm_fees,0.487,0.209,0.277
Revolut Business,48,Revolut Pro account features,22,Joint account management,0.401,0.124,0.277
Why is my stock on 'sell only'?,31,Stock investing fundamentals,0,Trading order types,0.491,0.213,0.278
Can I cancel or edit a card order?,13,Ordering a physical card,44,Replace reactivate or fix cards,0.422,0.143,0.279
Auto top-ups,60,60_deposit_card_pay_topup,66,Card top-up restrictions,0.391,0.11,0.281
Confirm your personal details again,63,Personal data privacy and retention,17,Tax and national identification,0.437,0.156,0.281
Add money with a bank transfer,7,Adding money via bank transfer,19,Transfer status and tracking,0.476,0.194,0.282
Report a fraudulent ATM withdrawal,62,Report fraudulent transactions,70,Reporting fraud and suspicious activity,0.45,0.169,0.282
Switch your account to Revolut,34,Mobile number transfers,46,Scheduled transfers and custom categories,0.479,0.196,0.284
Revolut – Kids & Teens cards,10,Kids and teens account management,33,Apple Pay and Card Security,0.392,0.107,0.284
How to set up Direct Debits in Pro,46,Scheduled transfers and custom categories,48,Revolut Pro account features,0.467,0.182,0.285
Add money with an easy bank transfer,7,Adding money via bank transfer,19,Transfer status and tracking,0.403,0.118,0.285
RevPoints spare change,59,Spare change round ups,9,RevPoints earning and redemption,0.628,0.341,0.286
How to cancel a dispute,67,Dispute and refund status,23,Canceling transfers and payment links,0.53,0.244,0.286
How are the funds in my investment account protected?,20,FSCS protection for accounts,54,Revolut service providers and regulation,0.548,0.261,0.287
Travel insurance for areas affected by conflict,1,Revolut travel insurance coverage,14,Cancel for any reason protection,0.481,0.194,0.287
Problems with my card PIN,33,Apple Pay and Card Security,44,Replace reactivate or fix cards,0.405,0.116,0.289
Completing the 'Make purchases' step,2,Referral purchase requirements,38,Pending and delayed card payments,0.528,0.239,0.289
Can I get a VAT invoice for my Stays booking?,9,RevPoints earning and redemption,21,Identity and address verification,0.459,0.168,0.291
My Ramp payment failed. What should I do?,58,Card payment declined,50,Crypto card payments and Ramp,0.411,0.12,0.291
Setting up voicemail,33,Apple Pay and Card Security,5,Lost phone number login,0.564,0.273,0.291
Reasons an investment account may be closed,22,Joint account management,17,Tax and national identification,0.398,0.107,0.292
I can't send a transfer or create a recipient,19,Transfer status and tracking,23,Canceling transfers and payment links,0.507,0.213,0.293
Revolut mobile plans,26,eSIM data plan management,34,Mobile number transfers,0.427,0.132,0.295
Buy bonds in the Revolut app,55,Bond investment basics,0,Trading order types,0.423,0.128,0.295
Products available to trade,11,Exchange Traded Products,31,Stock investing fundamentals,0.437,0.141,0.296
What's not covered under purchase insurance?,15,Purchase insurance coverage,14,Cancel for any reason protection,0.494,0.197,0.296
How does crypto staking work?,3,Crypto account setup and security,11,Exchange Traded Products,0.43,0.134,0.296
How do I make a protection insurance claim?,15,Purchase insurance coverage,14,Cancel for any reason protection,0.504,0.208,0.296
What does Revolut use my data for?,63,Personal data privacy and retention,16,Download account statements,0.413,0.116,0.297
Revolut crypto features and products,3,Crypto account setup and security,8,Crypto deposit troubleshooting,0.437,0.14,0.297
How do I access a partner benefit?,6,Accessing plan partner subscriptions,57,Downgrading paid plans,0.498,0.202,0.297
I ordered a card and it didn't arrive,13,Ordering a physical card,44,Replace reactivate or fix cards,0.443,0.146,0.297
What happens to my Stocks and Shares ISA if I move abroad?,49,Stocks and Shares ISA rules,21,Identity and address verification,0.462,0.163,0.299
Fees for trading crypto,47,Crypto trading fee tiers,18,18_limits_withdrawal_atm_fees,0.469,0.17,0.299
Receiving paid plan gifts,40,Gifting paid plans to friends,37,Plan billing and payments,0.495,0.195,0.3
What's the excess for purchase insurance claims?,15,Purchase insurance coverage,1,Revolut travel insurance coverage,0.511,0.21,0.301
Pending crypto withdrawals,8,Crypto deposit troubleshooting,18,18_limits_withdrawal_atm_fees,0.481,0.179,0.301
"I just made an exchange, but I can't find my money",42,Currency accounts and exchange rates,27,Group Pockets,0.433,0.131,0.302
Manage my deposit cards,60,60_deposit_card_pay_topup,66,Card top-up restrictions,0.419,0.117,0.302
Get started with ETNs,11,Exchange Traded Products,55,Bond investment basics,0.499,0.197,0.302
Why do I need to name the wallet owner for withdrawals?,41,Virtual card usage and limits,8,Crypto deposit troubleshooting,0.529,0.227,0.302
What is a crypto ETN?,11,Exchange Traded Products,20,FSCS protection for accounts,0.471,0.168,0.303
Standard plan,52,Compare Revolut paid plans,18,18_limits_withdrawal_atm_fees,0.415,0.11,0.304
Emergency medical assistance abroad,1,Revolut travel insurance coverage,25,Pet insurance policy management,0.471,0.164,0.306
Get started with ETCs,11,Exchange Traded Products,55,Bond investment basics,0.538,0.232,0.306
My card deposit didn't work,60,60_deposit_card_pay_topup,7,Adding money via bank transfer,0.423,0.114,0.309
Refund protection coverage,15,Purchase insurance coverage,14,Cancel for any reason protection,0.457,0.147,0.31
Limits for transfers to other Revolut customers,7,Adding money via bank transfer,42,Currency accounts and exchange rates,0.478,0.168,0.31
Who provides Revolut's everyday protection insurance?,15,Purchase insurance coverage,14,Cancel for any reason protection,0.462,0.15,0.313
Difficulty logging in,5,Lost phone number login,34,Mobile number transfers,0.443,0.13,0.313
Close a stock position,0,Trading order types,31,Stock investing fundamentals,0.49,0.177,0.313
What card brands and types can I get?,4,Supported currencies and cards,66,Card top-up restrictions,0.552,0.239,0.313
Revolut — Kids & Teens subscription bundles,10,Kids and teens account management,6,Accessing plan partner subscriptions,0.564,0.25,0.314
Cancelling or rescheduling a number transfer to Revolut,34,Mobile number transfers,26,eSIM data plan management,0.499,0.184,0.315
How does Revolut keep my money safe?,20,FSCS protection for accounts,54,Revolut service providers and regulation,0.444,0.128,0.316
Promotional and free trials,57,Downgrading paid plans,37,Plan billing and payments,0.497,0.18,0.317
Locate a bank transfer sent from Revolut,19,Transfer status and tracking,23,Canceling transfers and payment links,0.48,0.163,0.317
Downgrading your paid plan,57,Downgrading paid plans,37,Plan billing and payments,0.49,0.173,0.317
Paying for my mobile plan,37,Plan billing and payments,34,Mobile number transfers,0.46,0.142,0.318
How do I get an update on my existing claim?,1,Revolut travel insurance coverage,15,Purchase insurance coverage,0.531,0.213,0.318
How will the account transition affect returns/chargebacks?,53,Account transition impact,28,Moving accounts to Revolut Bank,0.528,0.209,0.319
I lost access to my passkey,5,Lost phone number login,60,60_deposit_card_pay_topup,0.458,0.138,0.32
I found my lost card,44,Replace reactivate or fix cards,13,Ordering a physical card,0.44,0.12,0.32
Download an account statement for a specific currency,16,Download account statements,42,Currency accounts and exchange rates,0.432,0.111,0.32
Cover for medical expenses abroad,1,Revolut travel insurance coverage,14,Cancel for any reason protection,0.483,0.162,0.322
How long will Revolut hold my data?,63,Personal data privacy and retention,26,eSIM data plan management,0.468,0.146,0.322
Crypto basics,3,Crypto account setup and security,8,Crypto deposit troubleshooting,0.574,0.251,0.322
Trouble with my selfie verification for Wealth Protection,21,Identity and address verification,61,Closed restricted or deceased accounts,0.453,0.13,0.323
Cover for car hire excess,1,Revolut travel insurance coverage,15,Purchase insurance coverage,0.474,0.15,0.324
How do I order a Revolut Terminal?,48,Revolut Pro account features,12,Accepting payments with Revolut,0.443,0.117,0.326
Block or report another Revolut customer,68,Blocking and unblocking payments,62,Report fraudulent transactions,0.436,0.109,0.326
Who is covered by travel insurance?,1,Revolut travel insurance coverage,14,Cancel for any reason protection,0.498,0.17,0.328
Will this affect my other Revolut products?,53,Account transition impact,28,Moving accounts to Revolut Bank,0.447,0.118,0.329
Work at Revolut,6,Accessing plan partner subscriptions,3,Crypto account setup and security,0.665,0.335,0.329
A refund or chargeback was sent to my closed account,67,Dispute and refund status,68,Blocking and unblocking payments,0.44,0.109,0.33
Spare change round ups,59,Spare change round ups,27,Group Pockets,0.439,0.108,0.332
What do I need to do to move my account to a bank account?,28,Moving accounts to Revolut Bank,53,Account transition impact,0.497,0.163,0.333
Getting started with travel insurance,1,Revolut travel insurance coverage,25,Pet insurance policy management,0.463,0.129,0.334
Paid plan downgrade fees ,57,Downgrading paid plans,37,Plan billing and payments,0.484,0.15,0.334
Is my mobile device covered by Revolut purchase protection?,15,Purchase insurance coverage,14,Cancel for any reason protection,0.496,0.162,0.334
What should I do if my card is expiring soon?,44,Replace reactivate or fix cards,13,Ordering a physical card,0.474,0.14,0.334
What exchange rates does Revolut offer?,42,Currency accounts and exchange rates,18,18_limits_withdrawal_atm_fees,0.469,0.135,0.335
Received an unexpected link?,24,Recognizing scam red flags,63,Personal data privacy and retention,0.459,0.124,0.335
Accessing the Retail Web App,5,Lost phone number login,51,APP scam reimbursement,0.52,0.183,0.337
Reactivate a card,44,Replace reactivate or fix cards,13,Ordering a physical card,0.462,0.125,0.337
How will I know when my account has been moved?,28,Moving accounts to Revolut Bank,53,Account transition impact,0.503,0.167,0.337
Currency exchange fees and limits,18,18_limits_withdrawal_atm_fees,47,Crypto trading fee tiers,0.461,0.124,0.337
Will my account details change after my account is moved?,28,Moving accounts to Revolut Bank,7,Adding money via bank transfer,0.445,0.107,0.338
How to link a card to a Pocket and manage it,27,Group Pockets,35,Managing Click to Pay cards,0.475,0.136,0.339
How to download a subject access request document,16,Download account statements,63,Personal data privacy and retention,0.444,0.103,0.341
How to contact Revolut Support,45,Contacting support and complaints,6,Accessing plan partner subscriptions,0.468,0.127,0.341
Will the transition affect my Pro products and services?,53,Account transition impact,54,Revolut service providers and regulation,0.497,0.155,0.341
My card has been used fraudulently,62,Report fraudulent transactions,70,Reporting fraud and suspicious activity,0.509,0.167,0.342
Supported eSIM devices,26,eSIM data plan management,48,Revolut Pro account features,0.514,0.171,0.343
How does converting cryptocurrency to fiat currency work?,0,Trading order types,38,Pending and delayed card payments,0.51,0.166,0.343
Understanding mobile plan numbers,34,Mobile number transfers,37,Plan billing and payments,0.544,0.2,0.344
Trusted recipients,23,Canceling transfers and payment links,65,Account security and fraud protection,0.608,0.265,0.344
Is my account eligible to be moved to Revolut Bank?,28,Moving accounts to Revolut Bank,53,Account transition impact,0.513,0.17,0.344
How to download a card confirmation document,16,Download account statements,21,Identity and address verification,0.497,0.152,0.345
I'm having trouble using my Revolut Terminal,58,Card payment declined,48,Revolut Pro account features,0.503,0.155,0.348
Source of funds,21,Identity and address verification,64,Income Sorter,0.481,0.132,0.349
What are Payment Links and how do I use them?,12,Accepting payments with Revolut,56,International transfer intermediary bank fees,0.502,0.151,0.35
What is a special edition card?,13,Ordering a physical card,44,Replace reactivate or fix cards,0.484,0.133,0.351
How can I redeem my Pro Perks offers?,48,Revolut Pro account features,9,RevPoints earning and redemption,0.629,0.274,0.354
Purchase protection coverage,15,Purchase insurance coverage,14,Cancel for any reason protection,0.492,0.138,0.354
Can I cover intermediary bank fees upfront?,56,International transfer intermediary bank fees,47,Crypto trading fee tiers,0.458,0.102,0.355
"Supported crypto deposit currencies, networks, and exchanges",8,Crypto deposit troubleshooting,3,Crypto account setup and security,0.522,0.166,0.356
Why is my transfer to a bank account still pending?,19,Transfer status and tracking,23,Canceling transfers and payment links,0.555,0.199,0.356
Tips for spending in a foreign currency,42,Currency accounts and exchange rates,18,18_limits_withdrawal_atm_fees,0.562,0.205,0.357
Transfer I sent arrived in a different currency ,42,Currency accounts and exchange rates,23,Canceling transfers and payment links,0.531,0.174,0.357
Pay with Revolut Ramp,50,Crypto card payments and Ramp,3,Crypto account setup and security,0.503,0.145,0.358
Why can't I trade in Revolut X?,0,Trading order types,3,Crypto account setup and security,0.492,0.133,0.359
Trading orders routing,0,Trading order types,25,Pet insurance policy management,0.566,0.205,0.361
Why might my currency order fail or not execute?,0,Trading order types,42,Currency accounts and exchange rates,0.597,0.236,0.361
How to assign and adjust categories,46,Scheduled transfers and custom categories,43,Financial analytics dashboard,0.505,0.144,0.361
What is the consolidated statement?,16,Download account statements,17,Tax and national identification,0.518,0.156,0.362
Revolut Chrome Extension,41,Virtual card usage and limits,35,Managing Click to Pay cards,0.48,0.118,0.362
Fees for cash withdrawals,18,18_limits_withdrawal_atm_fees,47,Crypto trading fee tiers,0.499,0.136,0.363
Documents needed for an Ultra trip and event cancellation protection claim,14,Cancel for any reason protection,21,Identity and address verification,0.512,0.147,0.365
How do I make a travel insurance claim?,1,Revolut travel insurance coverage,25,Pet insurance policy management,0.493,0.125,0.368
Stock markets,31,Stock investing fundamentals,0,Trading order types,0.589,0.22,0.369
Am I eligible for Apple Pay?,4,Supported currencies and cards,33,Apple Pay and Card Security,0.504,0.134,0.37
What is Open Banking and how does it work?,65,Account security and fraud protection,26,eSIM data plan management,0.506,0.135,0.371
What items are eligible for purchase insurance?,15,Purchase insurance coverage,1,Revolut travel insurance coverage,0.536,0.164,0.372
How can I improve my financial health?,29,Reporting vulnerable circumstances,45,Contacting support and complaints,0.523,0.149,0.373
About crypto unified balance,3,Crypto account setup and security,16,Download account statements,0.502,0.128,0.373
Transfer your Revolut number to another provider,34,Mobile number transfers,37,Plan billing and payments,0.504,0.13,0.373
What types of orders can I create on Revolut X?,0,Trading order types,47,Crypto trading fee tiers,0.503,0.129,0.374
Create and manage custom categories for transactions,46,Scheduled transfers and custom categories,43,Financial analytics dashboard,0.681,0.306,0.375
Crypto notifications,69,Account settings and notifications,42,Currency accounts and exchange rates,0.537,0.157,0.38
Can I order my card to a different address?,13,Ordering a physical card,44,Replace reactivate or fix cards,0.548,0.168,0.38
Managing my eSIM data plan,26,eSIM data plan management,30,Device software and security updates,0.519,0.138,0.381
Manage subscription payments to merchants,68,Blocking and unblocking payments,6,Accessing plan partner subscriptions,0.52,0.138,0.382
Add money to or withdraw from Revolut Kids & Teens account,10,Kids and teens account management,7,Adding money via bank transfer,0.513,0.128,0.385
Revolut - Kids & Teens Referrals,10,Kids and teens account management,2,Referral purchase requirements,0.599,0.213,0.386
Return or manage crypto deposits,8,Crypto deposit troubleshooting,60,60_deposit_card_pay_topup,0.531,0.144,0.387
Download your account confirmation,16,Download account statements,21,Identity and address verification,0.55,0.163,0.387
Sign in with face ID or fingerprint,5,Lost phone number login,30,Device software and security updates,0.526,0.137,0.39
Why is my incoming transfer pending?,19,Transfer status and tracking,56,International transfer intermediary bank fees,0.527,0.133,0.393
How does the commission-free allowance work?,32,Trading fees and allowances,37,Plan billing and payments,0.53,0.137,0.393
Download a cryptocurrency statement,16,Download account statements,3,Crypto account setup and security,0.555,0.162,0.393
Getting an update on an everyday protection claim,15,Purchase insurance coverage,14,Cancel for any reason protection,0.553,0.16,0.394
Can I use leverage to trade?,0,Trading order types,32,Trading fees and allowances,0.541,0.147,0.395
Lost or stolen device,5,Lost phone number login,35,Managing Click to Pay cards,0.515,0.12,0.396
Problems with a refund,67,Dispute and refund status,68,Blocking and unblocking payments,0.524,0.127,0.397
Where can I get help and advice on financial abuse?,29,Reporting vulnerable circumstances,45,Contacting support and complaints,0.553,0.154,0.398
How does the gambling block work?,68,Blocking and unblocking payments,29,Reporting vulnerable circumstances,0.587,0.19,0.398
Pending crypto deposits,8,Crypto deposit troubleshooting,60,60_deposit_card_pay_topup,0.554,0.154,0.399
Is there a fee associated with crypto staking?,3,Crypto account setup and security,18,18_limits_withdrawal_atm_fees,0.579,0.179,0.4
Glossary of onboarding terms,11,Exchange Traded Products,64,Income Sorter,0.561,0.161,0.4
My account was restricted or closed,61,Closed restricted or deceased accounts,21,Identity and address verification,0.504,0.103,0.401
Change passcode,5,Lost phone number login,21,Identity and address verification,0.557,0.156,0.401
Log in with a new phone number,5,Lost phone number login,34,Mobile number transfers,0.612,0.211,0.401
Are funds in my  independent teen account FSCS protected?,20,FSCS protection for accounts,53,Account transition impact,0.541,0.138,0.404
Close a Pocket,27,Group Pockets,22,Joint account management,0.554,0.147,0.406
What gambling support is available?,29,Reporting vulnerable circumstances,17,Tax and national identification,0.572,0.166,0.406
Who is Revolut Trading Ltd authorised by?,54,Revolut service providers and regulation,51,APP scam reimbursement,0.593,0.186,0.407
Market analysis,31,Stock investing fundamentals,0,Trading order types,0.563,0.154,0.41
Joint account card payments,22,Joint account management,28,Moving accounts to Revolut Bank,0.523,0.11,0.413
I want to close my Joint account,22,Joint account management,7,Adding money via bank transfer,0.539,0.126,0.413
Why was my transfer sent via an intermediary bank?,56,International transfer intermediary bank fees,19,Transfer status and tracking,0.59,0.176,0.414
What are the fees for Revolut Ramp?,50,Crypto card payments and Ramp,3,Crypto account setup and security,0.648,0.233,0.415
Difficulty with selfie authentication,21,Identity and address verification,63,Personal data privacy and retention,0.528,0.112,0.417
Receive (deposit) crypto from an external address,8,Crypto deposit troubleshooting,3,Crypto account setup and security,0.564,0.146,0.418
Is the money in my Savings account protected by the FSCS?,20,FSCS protection for accounts,39,Instant Access Savings Interest Rates,0.586,0.168,0.418
What are the main pet insurance policy conditions I should be aware of?,25,Pet insurance policy management,1,Revolut travel insurance coverage,0.54,0.121,0.419
Can't see my deposit in-app,8,Crypto deposit troubleshooting,3,Crypto account setup and security,0.572,0.151,0.421
Why was my document not accepted for Revolut Pro?,48,Revolut Pro account features,21,Identity and address verification,0.634,0.213,0.421
Referral reward smaller than expected,2,Referral purchase requirements,35,Managing Click to Pay cards,0.641,0.22,0.422
What is Trading Pro?,32,Trading fees and allowances,48,Revolut Pro account features,0.55,0.126,0.423
Update on my chargeback case,67,Dispute and refund status,62,Report fraudulent transactions,0.536,0.112,0.424
What are Pro Pockets?,27,Group Pockets,35,Managing Click to Pay cards,0.535,0.109,0.425
Crypto recurring buy,0,Trading order types,42,Currency accounts and exchange rates,0.557,0.13,0.427
Setting up a Joint account,22,Joint account management,7,Adding money via bank transfer,0.531,0.102,0.429
Redeem RevPoints,9,RevPoints earning and redemption,59,Spare change round ups,0.579,0.149,0.43
Trading customer support,45,Contacting support and complaints,29,Reporting vulnerable circumstances,0.585,0.155,0.43
When do payments arrive in my Pro account?,48,Revolut Pro account features,29,Reporting vulnerable circumstances,0.659,0.229,0.43
What are the fees for Trading Pro?,32,Trading fees and allowances,48,Revolut Pro account features,0.614,0.183,0.431
My card payment is pending,38,Pending and delayed card payments,67,Dispute and refund status,0.576,0.146,0.431
Change my phone number,5,Lost phone number login,34,Mobile number transfers,0.631,0.197,0.434
Calculation of crypto tiered pricing,47,Crypto trading fee tiers,18,18_limits_withdrawal_atm_fees,0.537,0.101,0.435
How can I get a full statement of my Ramp transaction?,50,Crypto card payments and Ramp,16,Download account statements,0.597,0.161,0.436
Stake and unstake crypto,3,Crypto account setup and security,50,Crypto card payments and Ramp,0.6,0.155,0.445
Using Tap to Pay on iPhone to take payments,12,Accepting payments with Revolut,48,Revolut Pro account features,0.612,0.167,0.445
How do I cancel my Pet Insurance policy?,25,Pet insurance policy management,15,Purchase insurance coverage,0.609,0.162,0.447
"Trading account information, statements and reports",16,Download account statements,64,Income Sorter,0.572,0.124,0.448
Getting started with AIR,43,Financial analytics dashboard,63,Personal data privacy and retention,0.555,0.104,0.451
Service disruptions during transfer to Revolut,34,Mobile number transfers,26,eSIM data plan management,0.578,0.12,0.458
eSIM on Revolut Terminals,26,eSIM data plan management,30,Device software and security updates,0.599,0.137,0.462
How do I manage notifications from Revolut?,69,Account settings and notifications,30,Device software and security updates,0.59,0.125,0.465
Why has my card payment been reverted?,38,Pending and delayed card payments,67,Dispute and refund status,0.595,0.129,0.467
How can I see my travel analytics?,43,Financial analytics dashboard,1,Revolut travel insurance coverage,0.606,0.138,0.468
Disruptions to adding money with Visa cards,66,Card top-up restrictions,60,60_deposit_card_pay_topup,0.616,0.146,0.47
Why is my card added to Click to Pay not shown at checkout?,35,Managing Click to Pay cards,5,Lost phone number login,0.571,0.101,0.47
Can I cancel an airport lounge pass? ,36,Airport lounge and fast track,9,RevPoints earning and redemption,0.637,0.161,0.476
Stocks and Shares Individual Savings Account (ISA),49,Stocks and Shares ISA rules,32,Trading fees and allowances,0.608,0.13,0.478
Why is my card transfer still pending?,19,Transfer status and tracking,23,Canceling transfers and payment links,0.654,0.175,0.48
Accepted proof of address documents,21,Identity and address verification,16,Download account statements,0.676,0.194,0.481
What is the analytics dashboard?,43,Financial analytics dashboard,64,Income Sorter,0.684,0.195,0.488
Ultra trip & event cancellation with companion coverage,14,Cancel for any reason protection,1,Revolut travel insurance coverage,0.67,0.18,0.49
What is Click to Pay?,35,Managing Click to Pay cards,5,Lost phone number login,0.609,0.118,0.491
Revolut closed my joint account,22,Joint account management,28,Moving accounts to Revolut Bank,0.636,0.142,0.494
Am I covered for trips or events that I didn't purchase with my Revolut account with Ultra trip and event cancellation protection?,14,Cancel for any reason protection,1,Revolut travel insurance coverage,0.62,0.125,0.495
What is a fractional share?,31,Stock investing fundamentals,49,Stocks and Shares ISA rules,0.654,0.157,0.496
Stocks and Shares ISA rules,49,Stocks and Shares ISA rules,31,Stock investing fundamentals,0.615,0.117,0.498
Investing with the Stocks and Shares ISA,49,Stocks and Shares ISA rules,31,Stock investing fundamentals,0.658,0.158,0.5
Managing a failed number transfer,34,Mobile number transfers,19,Transfer status and tracking,0.617,0.114,0.503
Installing and activating my eSIM,26,eSIM data plan management,30,Device software and security updates,0.618,0.108,0.51
Can I have a trading account if I’m a US Person?,54,Revolut service providers and regulation,17,Tax and national identification,0.712,0.201,0.511
How to place a stock order,0,Trading order types,31,Stock investing fundamentals,0.615,0.102,0.513
Cryptocurrencies and networks available for withdrawals,8,Crypto deposit troubleshooting,3,Crypto account setup and security,0.655,0.139,0.516
Revolut.me link,12,Accepting payments with Revolut,23,Canceling transfers and payment links,0.624,0.105,0.52
Unsupported transfers sent from Revolut,4,Supported currencies and cards,10,Kids and teens account management,0.645,0.121,0.523
Timeframes for transfers,19,Transfer status and tracking,7,Adding money via bank transfer,0.662,0.139,0.523
Accessing Revolut X,5,Lost phone number login,34,Mobile number transfers,0.688,0.164,0.524
How long will the Authorised Push Payment fraud reimbursement process take?,51,APP scam reimbursement,19,Transfer status and tracking,0.664,0.131,0.532
"Add, edit, or delete a beneficiary",23,Canceling transfers and payment links,19,Transfer status and tracking,0.648,0.115,0.533
Dispute a card payment,67,Dispute and refund status,38,Pending and delayed card payments,0.651,0.118,0.533
Revolut - Kids & Teens statements,10,Kids and teens account management,16,Download account statements,0.676,0.141,0.535
How do I share feedback with Revolut?,45,Contacting support and complaints,31,Stock investing fundamentals,0.691,0.156,0.536
Who is Revolut's travel insurance provider?,1,Revolut travel insurance coverage,6,Accessing plan partner subscriptions,0.655,0.119,0.536
Security prices,0,Trading order types,31,Stock investing fundamentals,0.7,0.161,0.539
Crypto private keys and exposure on the blockchain,3,Crypto account setup and security,8,Crypto deposit troubleshooting,0.703,0.155,0.548
Pet Insurance payments and renewals,25,Pet insurance policy management,37,Plan billing and payments,0.662,0.112,0.549
Exceeding my ISA allowance,49,Stocks and Shares ISA rules,32,Trading fees and allowances,0.714,0.159,0.554
Can I cancel an Airport Fast Track pass? ,36,Airport lounge and fast track,9,RevPoints earning and redemption,0.683,0.126,0.557
Stocks and Shares ISA transfers,49,Stocks and Shares ISA rules,31,Stock investing fundamentals,0.665,0.105,0.559
Manage a Stays booking,9,RevPoints earning and redemption,45,Contacting support and complaints,0.69,0.129,0.561
Trade confirmation statements,16,Download account statements,32,Trading fees and allowances,0.739,0.178,0.561
Failed orders in Revolut X,0,Trading order types,42,Currency accounts and exchange rates,0.718,0.144,0.573
Why hasn't my referrer received their Referrals reward?,2,Referral purchase requirements,67,Dispute and refund status,0.678,0.102,0.576
Advantages of investing in bonds,55,Bond investment basics,64,Income Sorter,0.71,0.132,0.579
Limits for using my card abroad,18,18_limits_withdrawal_atm_fees,42,Currency accounts and exchange rates,0.705,0.125,0.58
Why is the Revolut app no longer supported on my device?,30,Device software and security updates,5,Lost phone number login,0.746,0.164,0.582
Dispute process and timelines,67,Dispute and refund status,68,Blocking and unblocking payments,0.719,0.121,0.598
Delayed (offline) card payments,38,Pending and delayed card payments,68,Blocking and unblocking payments,0.714,0.111,0.603
My supplier won’t let me cancel my trip/event. Am I covered with Ultra trip and event cancellation protection?,14,Cancel for any reason protection,1,Revolut travel insurance coverage,0.712,0.106,0.606
What features are available with Revolut Pro?,48,Revolut Pro account features,12,Accepting payments with Revolut,0.733,0.113,0.62
How do I upload a document?,21,Identity and address verification,5,Lost phone number login,0.74,0.115,0.625
Support if you are experiencing financial difficulties,29,Reporting vulnerable circumstances,17,Tax and national identification,0.745,0.117,0.628
Where you can sign up for Revolut,4,Supported currencies and cards,56,International transfer intermediary bank fees,0.757,0.127,0.63
How do I donate to Ukrainian refugees?,59,Spare change round ups,4,Supported currencies and cards,0.752,0.121,0.631
Stock basics,31,Stock investing fundamentals,0,Trading order types,0.747,0.107,0.64
Where can I get help if I'm worried about my mental health?,29,Reporting vulnerable circumstances,45,Contacting support and complaints,0.766,0.124,0.642
Why was my URL not accepted for Revolut Pro?,48,Revolut Pro account features,24,Recognizing scam red flags,0.802,0.154,0.649
What is a stop order?,0,Trading order types,31,Stock investing fundamentals,0.8,0.15,0.65
What is a crypto market order?,0,Trading order types,3,Crypto account setup and security,0.787,0.133,0.655
Crypto stop order,0,Trading order types,3,Crypto account setup and security,0.776,0.107,0.669
Trading limit orders,0,Trading order types,31,Stock investing fundamentals,0.794,0.122,0.671
Redeeming RevPoints with Airline Miles,9,RevPoints earning and redemption,29,Reporting vulnerable circumstances,0.825,0.128,0.697
Crypto limit order,0,Trading order types,3,Crypto account setup and security,0.806,0.104,0.702
Cryptocurrency networks,8,Crypto deposit troubleshooting,3,Crypto account setup and security,0.84,0.114,0.725
Merger or acquisition of a company whose shares I own,31,Stock investing fundamentals,49,Stocks and Shares ISA rules,0.83,0.103,0.727
Bond credit ratings,55,Bond investment basics,11,Exchange Traded Products,0.852,0.125,0.727
What's Revolut's official name and address?,56,International transfer intermediary bank fees,8,Crypto deposit troubleshooting,0.831,0.103,0.728
Making a donation through Revolut,59,Spare change round ups,9,RevPoints earning and redemption,0.834,0.103,0.731
How are properties sorted?,64,Income Sorter,0,Trading order types,0.886,0.114,0.773
